review_index,source_path,sha256,decision,reason
0,test/dragon/00b35362-b58b-4b03-9280-7904b25b7486.jpg,065814844fc23bb977b700aefc91a7d90e5383b156e85707a66be8ca71a11da1,aceptar_entrenamiento,v3: todos los dragones (train y test) del ZIP; sin filtro de encuadre para ampliar datos.
1,test/dragon/00f0027e-4934-4fa2-bedc-9a10d1aa43b1.jpg,69d58f813b275041becd850f036260a34891d64b76efbe61204906bedfb3daf4,aceptar_entrenamiento,v3: todos los dragones (train y test) del ZIP; sin filtro de encuadre para ampliar datos.
2,test/dragon/01222077-ec89-4a6b-8f8c-375a1eb34b2b.jpg,5cad2b07ba373e0c1eb2b749d01a327c4b3d41c3578ad746db06fdba6fb8ad88,aceptar_entrenamiento,v3: todos los dragones (train y test) del ZIP; sin filtro de encuadre para ampliar datos.
3,test/dragon/01569756-3201-4ede-871a-208d5e071df3.jpg,23bf3c598f26c9e22e9ba1bb8ed3c13e5fe6b09fccabb2a4a0d70af4eb0e209f,aceptar_entrenamiento,v3: todos los dragones (train y test) del ZIP; sin filtro de encuadre para ampliar datos.
4,test/dragon/01f69481-dab1-41f0-9c69-01d1969aa575.jpg,3c5df5ea0ca079aeca4511e619a97b55df5280a0833c5858399b31e4db34d0b3,aceptar_entrenamiento,v3: todos los dragones (train y test) del ZIP; sin filtro de encuadre para ampliar datos.
5,test/dragon/0257fcb6-cd56-4fe4-b894-935111f4f48e.jpg,2db2134fe48e0778adb3633807306202441545773606669052f9c770fac67537,aceptar_entrenamiento,v3: todos los dragones (train y test) del ZIP; sin filtro de encuadre para ampliar datos.
6,test/dragon/08fc5ba1-2cae-4d1f-89c3-503369d16888.jpg,14d0cc782596fd3a41e6f216276bdb28ed6d7e3f8a8051ff5e5710c2b6c2c554,aceptar_entrenamiento,v3: todos los dragones (train y test) del ZIP; sin filtro de encuadre para ampliar datos.
7,test/dragon/0967e534-cc4b-4e91-a995-3d2407bcf08a.jpg,9981ef36f8569cecb38ac84ce26c2221c8f042b6d0b00719b60b33a0ae651c2b,aceptar_entrenamiento,v3: todos los dragones (train y test) del ZIP; sin filtro de encuadre para ampliar datos.
8,test/dragon/0c3d066d-80b4-43fe-b7c7-d75f002b59fb.jpg,b26031785083df45e287f10cee9e6b9b21faf8fea2a4270f36ee883b2abf8a31,aceptar_entrenamiento,v3: todos los dragones (train y test) del ZIP; sin filtro de encuadre para ampliar datos.
9,test/dragon/0f214248-0b03-4a7c-ae7e-ed724f1b3011.jpg,98335890ff8c8037a2fff25640ab838e969aa2b83b86661cfb3a504b70bc5b9b,aceptar_entrenamiento,v3: todos los dragones (train y test) del ZIP; sin filtro de encuadre para ampliar datos.
10,test/dragon/0f9ca29c-d2a1-44d8-896e-c937e872860c.jpg,b4e77be9d933e0d68e284a12df6bc34a6e8f902ca6328212b36e4d1ebb0934b8,aceptar_entrenamiento,v3: todos los dragones (train y test) del ZIP; sin filtro de encuadre para ampliar datos.
11,test/dragon/12392178-0970-44f7-96b0-250341429ee6.jpg,03411750bd66b7ef57b04da8e91491f3b13a3a0fb16ad3841f8e98c4c9f797c7,aceptar_entrenamiento,v3: todos los dragones (train y test) del ZIP; sin filtro de encuadre para ampliar datos.
12,test/dragon/125e1fc4-d779-4692-92ea-11199bdb3d96.jpg,c12c1d59f06db6c4ebcab426c2989f40e331697be0d476dd8d261c3150015b7a,aceptar_entrenamiento,v3: todos los dragones (train y test) del ZIP; sin filtro de encuadre para ampliar datos.
13,test/dragon/126452bb-107e-4a2d-9d88-60b5d0c59719.jpg,f85a569948259bf2d9584dfaac245c097f9fbcbebfbd418f5d9af593d7769367,aceptar_entrenamiento,v3: todos los dragones (train y test) del ZIP; sin filtro de encuadre para ampliar datos.
14,test/dragon/12eac793-d86a-4499-a6e4-55e83f25959f.jpg,b35f4c7a73f01f86edf8f1c7dfb1a257a319aae3e7508074f1f598943c6f54b0,aceptar_entrenamiento,v3: todos los dragones (train y test) del ZIP; sin filtro de encuadre para ampliar datos.
15,test/dragon/15900c6b-b380-4cd1-9105-39c310d145c7.jpg,e18c919f890c45b1ea406944df91a45fb524b7321f07fa35f53e5158b97b9ca9,aceptar_entrenamiento,v3: todos los dragones (train y test) del ZIP; sin filtro de encuadre para ampliar datos.
16,test/dragon/18c99ad8-4524-479f-baba-4df45087d5f9.jpg,34e0de61bdf7a7dfbcc55e55dda22f80211c0b64a87473d6661c2e5a26860375,aceptar_entrenamiento,v3: todos los dragones (train y test) del ZIP; sin filtro de encuadre para ampliar datos.
17,test/dragon/1afda2af-7c6d-4ef1-89a6-f8fb310d6d88.jpg,fc213c3f4a55f85148c493075589d02cd093e2a4f55832fe19b9bd1b3ee3a166,aceptar_entrenamiento,v3: todos los dragones (train y test) del ZIP; sin filtro de encuadre para ampliar datos.
18,test/dragon/1c9fb6ee-3c49-43e8-8608-3a496116df8a.jpg,83cfcb36135104cdf143b27762e2143c1d8a249bf0d7428ca11b45d6f25da9af,aceptar_entrenamiento,v3: todos los dragones (train y test) del ZIP; sin filtro de encuadre para ampliar datos.
19,test/dragon/1d61d2bb-e231-41cb-83f7-077a5c9007fc.jpg,748b6068617c17100807f61dce48f032e2c55a26900d3717f7cf71e14012498c,aceptar_entrenamiento,v3: todos los dragones (train y test) del ZIP; sin filtro de encuadre para ampliar datos.
20,test/dragon/1e07914f-530e-4087-a377-cded306c360c.jpg,f7dec0ca3a9ad8762495f11711d9025a535a35231276bbca7571ec93c2e9cc88,aceptar_entrenamiento,v3: todos los dragones (train y test) del ZIP; sin filtro de encuadre para ampliar datos.
21,test/dragon/1e6f674a-31bc-4abe-a25a-be5f2ab38dff.jpg,0f82263866a6813fc27d0579bf7903588d697f542a0ec91affd4c23a72fd0fbc,aceptar_entrenamiento,v3: todos los dragones (train y test) del ZIP; sin filtro de encuadre para ampliar datos.
22,test/dragon/225165d8-07c0-4a37-90fc-d43dc83764ca.jpg,92760b2707bc23a9d57af63dc6264f81ddbb042b7940bc8129d9a9372fc78ff0,aceptar_entrenamiento,v3: todos los dragones (train y test) del ZIP; sin filtro de encuadre para ampliar datos.
23,test/dragon/2308d44a-64d8-4997-a225-8cafe18a5113.jpg,543220730f12f21ff01c0312da7d351ff36abaf55d193ec2ad9e30a5fdc77e20,aceptar_entrenamiento,v3: todos los dragones (train y test) del ZIP; sin filtro de encuadre para ampliar datos.
24,test/dragon/23761278-0600-4fcc-96cf-ae08cc084a82.jpg,1e7ed29b316e76a816f68739faa0fd09a75a25577d49280aa233c2ef82ef9452,aceptar_entrenamiento,v3: todos los dragones (train y test) del ZIP; sin filtro de encuadre para ampliar datos.
25,test/dragon/24ccd6aa-7991-4cb1-b8be-bae1bb5c6c11.jpg,5a3d32ea18f488527296c33bf50b4048ee08030cc991fb719587fc02e0cc8dd7,aceptar_entrenamiento,v3: todos los dragones (train y test) del ZIP; sin filtro de encuadre para ampliar datos.
26,test/dragon/29894ce0-2dfb-46b3-ae8e-f84c40c2f4a7.jpg,ff9ca927a3f5b74a0d3cb64340a917ad557fd47b1cb7d63709f07e275cb340ce,aceptar_entrenamiento,v3: todos los dragones (train y test) del ZIP; sin filtro de encuadre para ampliar datos.
27,test/dragon/298ab17b-15bc-472e-8ccb-53ad772489d7.jpg,15ef1fbda70a50d4ee386ae092077ca6a4be18cbddd68bab72667864e199e7ee,aceptar_entrenamiento,v3: todos los dragones (train y test) del ZIP; sin filtro de encuadre para ampliar datos.
28,test/dragon/29d2ce01-24fb-4944-8fae-22faee717e65.jpg,309700d3edc0dc4142dcc2c6e54f7cc7a5ade290153835e23051ef3cc12d430a,aceptar_entrenamiento,v3: todos los dragones (train y test) del ZIP; sin filtro de encuadre para ampliar datos.
29,test/dragon/2e9954d1-f746-4b33-9172-bf8b297f3c6c.jpg,42f9cbfdbc51521b15049c4efb00d365c256108d978168a13fadf7701f702989,aceptar_entrenamiento,v3: todos los dragones (train y test) del ZIP; sin filtro de encuadre para ampliar datos.
30,test/dragon/3194ecf9-e3a1-41d3-aacf-6e979c72be28.jpg,3139731e20de2a6938f247768bb0e2c81dc6ede0dad38009a643be5433019d49,aceptar_entrenamiento,v3: todos los dragones (train y test) del ZIP; sin filtro de encuadre para ampliar datos.
31,test/dragon/31de01d8-8b14-425d-9224-654d501a119c.jpg,d4089dfff11f0fed903e50df83b753ab1695634604e5e2b358e96dc4819f2664,aceptar_entrenamiento,v3: todos los dragones (train y test) del ZIP; sin filtro de encuadre para ampliar datos.
32,test/dragon/325e8266-a94e-4eb4-8f7b-b9ecc0a730ea.jpg,22405e654aea2fa09b8dc59a343b7cec572fcdeec2d39865a9f7127aca6464bf,aceptar_entrenamiento,v3: todos los dragones (train y test) del ZIP; sin filtro de encuadre para ampliar datos.
33,test/dragon/342623c3-78b6-4222-b35c-2d2c0fc1f3c8.jpg,ed824ab69ae5ab56fcbcd1f73b756028ffd6f1d87d0058f5b28afd9aea45e1ea,aceptar_entrenamiento,v3: todos los dragones (train y test) del ZIP; sin filtro de encuadre para ampliar datos.
34,test/dragon/35026cb9-299b-40ce-9607-fba67b53b5a8.jpg,bb31706377933005d85add21d0cadeb11cd7ba6085cd5071cbebb744a0cde4da,aceptar_entrenamiento,v3: todos los dragones (train y test) del ZIP; sin filtro de encuadre para ampliar datos.
35,test/dragon/351e68fc-10df-4854-9f07-0bf74bd6d318.jpg,903db89fe38d4ea9da75f04f6a3858a62cbf97480c456b1dcd3dede7e1e15666,aceptar_entrenamiento,v3: todos los dragones (train y test) del ZIP; sin filtro de encuadre para ampliar datos.
36,test/dragon/3645a6aa-4776-46e9-a46e-c7d93d7849f6.jpg,49e2c3b90e056a8968b04b6d4b1a8116ffa602c4f05b295045b77531dc62aa8f,aceptar_entrenamiento,v3: todos los dragones (train y test) del ZIP; sin filtro de encuadre para ampliar datos.
37,test/dragon/3a191836-e60c-41a0-9e1a-f6cb2aa50668.jpg,3b5f7ec4aaf3a90e8104d7ce5cc455643087f73fa77d69476a0dce0481ba3d99,aceptar_entrenamiento,v3: todos los dragones (train y test) del ZIP; sin filtro de encuadre para ampliar datos.
38,test/dragon/3a876a9a-93f9-45fd-b7e5-73b4d88fb9cf.jpg,0ac3032fcab27b3285d76816f61ba41fd88a2bea3fe33e2d1ff4fdb725667b0a,aceptar_entrenamiento,v3: todos los dragones (train y test) del ZIP; sin filtro de encuadre para ampliar datos.
39,test/dragon/3c058faf-30b5-4a8e-981e-f7ddaf19d10b.jpg,6d12c486dd45969cee7564cfe08098681c6dd66c24d61875769cf41b6e037475,aceptar_entrenamiento,v3: todos los dragones (train y test) del ZIP; sin filtro de encuadre para ampliar datos.
40,test/dragon/3f8c1ce4-76bc-4298-8e39-5a6e5bb36bad.jpg,f56a12cc77fe32715fe0d877603688b31637e1e3d92fb633ae461ce87421c9ea,aceptar_entrenamiento,v3: todos los dragones (train y test) del ZIP; sin filtro de encuadre para ampliar datos.
41,test/dragon/43737c71-0262-4501-ac32-fffbd1318af5.jpg,d3fb1a32faf763c58a3f9d053c13e36a6070f1d9acbbdffef41f2edbe5e9a272,aceptar_entrenamiento,v3: todos los dragones (train y test) del ZIP; sin filtro de encuadre para ampliar datos.
42,test/dragon/4383f541-afdd-472c-8b3b-77ff58cd028b.jpg,c72d088b5b71e704ed87efe185f3b94b741205726d4f86f73ff00a6ef1806752,aceptar_entrenamiento,v3: todos los dragones (train y test) del ZIP; sin filtro de encuadre para ampliar datos.
43,test/dragon/4390abbd-a9c6-46ed-93c8-e3895c1c3b8d.jpg,a966e912af4c07e78cd1a745653503f6780b83a741fb5a2402ac6cc3d2cb4471,aceptar_entrenamiento,v3: todos los dragones (train y test) del ZIP; sin filtro de encuadre para ampliar datos.
44,test/dragon/4464dbfc-ecfc-4be5-a9c7-a18138046c6f.jpg,d34a1290b9e506e5e43ea665ed6e607133995951dff3aab9ed53949afa183273,aceptar_entrenamiento,v3: todos los dragones (train y test) del ZIP; sin filtro de encuadre para ampliar datos.
45,test/dragon/458691c8-f31a-4a6e-a71a-53a2e35ca99f.jpg,fe06b3eeb11414eebf9aac55537fadcc8aae03828f5de7a2c9f931514892089d,aceptar_entrenamiento,v3: todos los dragones (train y test) del ZIP; sin filtro de encuadre para ampliar datos.
46,test/dragon/45bf7092-bf67-4dee-babc-b5b2ac3f47a9.jpg,ea697b4686dae867fe442c79565e5965e7352606db735faafe22e13277000228,aceptar_entrenamiento,v3: todos los dragones (train y test) del ZIP; sin filtro de encuadre para ampliar datos.
47,test/dragon/48cdb5a8-29d2-46ad-883d-653901539ccc.jpg,93f53e324e9569dae4f1798cc9eefca5180c8da19e5b0ab63d4039ed192e1cc6,aceptar_entrenamiento,v3: todos los dragones (train y test) del ZIP; sin filtro de encuadre para ampliar datos.
48,test/dragon/48e39d6c-ffff-4fa4-8007-8e8320a45b22.jpg,6d66f3fc27576a5bbaad87fc47ade945d11e196725fdab2c024c43d3752524cf,aceptar_entrenamiento,v3: todos los dragones (train y test) del ZIP; sin filtro de encuadre para ampliar datos.
49,test/dragon/49934404-47fe-40e2-8e08-f663240a2de0.jpg,a174964ada06583db2628f582c15d2184a3ce3abe1182ab246fe309ff4e72441,aceptar_entrenamiento,v3: todos los dragones (train y test) del ZIP; sin filtro de encuadre para ampliar datos.
50,test/dragon/4ca25438-7195-41a0-acf1-936cacfb3778.jpg,0ab2e8ca119c81415119fd680c1f6a3f26f45a84d1ec25e2298a972c13f016c3,aceptar_entrenamiento,v3: todos los dragones (train y test) del ZIP; sin filtro de encuadre para ampliar datos.
51,test/dragon/4db61bf1-da5f-4523-9412-64113739a51e.jpg,1417ddd0e7c5337c3e460408e61d65fe6923c44e815d0862758aab182d00409b,aceptar_entrenamiento,v3: todos los dragones (train y test) del ZIP; sin filtro de encuadre para ampliar datos.
52,test/dragon/4e312ca4-a62c-48c2-abe9-9ae38d107511.jpg,25614c344e78b80d41c916d82f88fad34ef1d8bb4c30fd278a4de784f1325d29,aceptar_entrenamiento,v3: todos los dragones (train y test) del ZIP; sin filtro de encuadre para ampliar datos.
53,test/dragon/4e9bc09f-706d-40ac-ab7f-14f73ff92280.jpg,a33843c6fb03e4433f31cab5f4273ffe6a0b91e325860189ad00e15f50dcff7a,aceptar_entrenamiento,v3: todos los dragones (train y test) del ZIP; sin filtro de encuadre para ampliar datos.
54,test/dragon/4ecfc3fa-d917-45a0-8a98-6d7ae2f57a1a.jpg,9df5c5127003fde06dac1142581bbefc04a25c9e1302e5981359580cbc377e6f,aceptar_entrenamiento,v3: todos los dragones (train y test) del ZIP; sin filtro de encuadre para ampliar datos.
55,test/dragon/518a4dd0-8196-4f81-88df-b417fe56ea8f.jpg,991d032a460974e72e1caa9c4128dc3f6d7f594f0b910fa90e4827224b2c70ba,aceptar_entrenamiento,v3: todos los dragones (train y test) del ZIP; sin filtro de encuadre para ampliar datos.
56,test/dragon/5547a244-8303-46c4-be92-68b3d485a87d.jpg,706a58a4f33cf34c107133b40c25f6bd09dcc271c5b939bc1b0a370092200d41,aceptar_entrenamiento,v3: todos los dragones (train y test) del ZIP; sin filtro de encuadre para ampliar datos.
57,test/dragon/55d353b9-513b-432e-961d-0f3ef99d7373.jpg,6819c4c628a9e27c9a0d39dfe6af44c735f55e1ffa46a04a90f5d7f4513db522,aceptar_entrenamiento,v3: todos los dragones (train y test) del ZIP; sin filtro de encuadre para ampliar datos.
58,test/dragon/56a1e91f-43eb-4773-9e22-22f486bffa53.jpg,b031cb3fa28ec06a240476d176ca60c53b204a14ff4f53871a824dc758b70d22,aceptar_entrenamiento,v3: todos los dragones (train y test) del ZIP; sin filtro de encuadre para ampliar datos.
59,test/dragon/59e97229-9613-459b-9b25-9d3ecd2c399a.jpg,eab187823e77e92284386f26b00daaabb4cd192787bc0040466a247143c1aa67,aceptar_entrenamiento,v3: todos los dragones (train y test) del ZIP; sin filtro de encuadre para ampliar datos.
60,test/dragon/5a72121d-af53-47ca-89da-546dc705ae4f.jpg,383a6de7dd8b6fd4e070eaf1e24fddfc02aa66c27506ef8aac6dc044c4bd189a,aceptar_entrenamiento,v3: todos los dragones (train y test) del ZIP; sin filtro de encuadre para ampliar datos.
61,test/dragon/5acd188e-6aef-4aeb-9260-93520c1f16ea.jpg,184cd34a88a86d3ed7b805bf45da8515bfcfb46ebbdd2a545165685e03c0ebce,aceptar_entrenamiento,v3: todos los dragones (train y test) del ZIP; sin filtro de encuadre para ampliar datos.
62,test/dragon/5be4400e-8b67-4bef-88c5-2e7ae6df8ee0.jpg,4a8fa605eb52f9ba3a0b23477dd4f92c99bc47adf3288ef685ac907a69e6b021,aceptar_entrenamiento,v3: todos los dragones (train y test) del ZIP; sin filtro de encuadre para ampliar datos.
63,test/dragon/5d742f4c-1994-4631-aa0f-eb615f211f6c.jpg,ceb0aacc5b4a32f03a91f9006fdd34549703c7fa2e50413f6b74bab67894cbb9,aceptar_entrenamiento,v3: todos los dragones (train y test) del ZIP; sin filtro de encuadre para ampliar datos.
64,test/dragon/615ebf64-7574-4d6b-a37f-152c746f578e.jpg,25776430f0593f39e5d73624d0123b9565e4279d2575f8c7b65928670f70fe12,aceptar_entrenamiento,v3: todos los dragones (train y test) del ZIP; sin filtro de encuadre para ampliar datos.
65,test/dragon/646646b8-7d65-43df-9883-5f099d3a1a0f.jpg,64b18edd1269c0840929ab64cb50cbca9228b6303803035e7b4191986666da8a,aceptar_entrenamiento,v3: todos los dragones (train y test) del ZIP; sin filtro de encuadre para ampliar datos.
66,test/dragon/64ed0053-fa63-471d-9cea-3021e60e67aa.jpg,99b41b065c54b4f154b40381000369111930ac7cced2999f7a3ae0528610ea04,aceptar_entrenamiento,v3: todos los dragones (train y test) del ZIP; sin filtro de encuadre para ampliar datos.
67,test/dragon/66ee233e-0517-43b2-864f-f052e1b34d74.jpg,8b2183eff240dc5eefe0614a57ea79686a2df8fb136be955b442bd77a3ff663f,aceptar_entrenamiento,v3: todos los dragones (train y test) del ZIP; sin filtro de encuadre para ampliar datos.
68,test/dragon/67a163bc-a946-4bbf-ad8e-eb3273c57b1a.jpg,5724bc4448b03f0c6b2538fe3fe3b3523d313d9652f97b79b32f90d5f3ea2d8a,aceptar_entrenamiento,v3: todos los dragones (train y test) del ZIP; sin filtro de encuadre para ampliar datos.
69,test/dragon/685705e5-c842-4f33-b989-44eaa241c90c.jpg,e79a4afe50deb79a00de78668a1dba49574b856fdad670a23ae48f5d5bb4fe8f,aceptar_entrenamiento,v3: todos los dragones (train y test) del ZIP; sin filtro de encuadre para ampliar datos.
70,test/dragon/6a0ed465-d692-4761-b5b9-464f3a1e21fb.jpg,740e1105c26f253d48760db3b3f6495a688f132276f09a6ef4628b5ddd9768b6,aceptar_entrenamiento,v3: todos los dragones (train y test) del ZIP; sin filtro de encuadre para ampliar datos.
71,test/dragon/6b03037d-0e4a-44d2-a49e-a591b981c3a4.jpg,816e48152d3e285b0e38beaf65d57824b70435879c519ae9d246eec9f73a02b1,aceptar_entrenamiento,v3: todos los dragones (train y test) del ZIP; sin filtro de encuadre para ampliar datos.
72,test/dragon/6c065c06-1375-42de-bbf1-aefe10059809.jpg,94f551587692eef0818a37716eb8d5e2837694ed89b1c91c47105c6c97673b9a,aceptar_entrenamiento,v3: todos los dragones (train y test) del ZIP; sin filtro de encuadre para ampliar datos.
73,test/dragon/6cd816b9-ba0f-47e0-adc6-008a0e5b91cf.jpg,3ecf8abd5007533ddfd960f8db7c9474dc0de806be40ccfe6c53bf9de633d3a2,aceptar_entrenamiento,v3: todos los dragones (train y test) del ZIP; sin filtro de encuadre para ampliar datos.
74,test/dragon/6d1c8118-4474-4469-9994-b613a523c0f4.jpg,2e6dc6e25e53f7cf7654ec832ecbb6e00818a30874338728c92ab4c7bf629b8b,aceptar_entrenamiento,v3: todos los dragones (train y test) del ZIP; sin filtro de encuadre para ampliar datos.
75,test/dragon/6d26ce94-c8f5-4884-970d-f1bf952e2894.jpg,41f931d6db397c9183888179adfbf3bdd06f3d35b880daf71289e735955e0141,aceptar_entrenamiento,v3: todos los dragones (train y test) del ZIP; sin filtro de encuadre para ampliar datos.
76,test/dragon/6d6b7515-6544-47e5-804c-c15d8c817494.jpg,bb1f6dfcc98575f63f08cd94ee01f39b1374f97d38128f860090ed3c1f7ad39d,aceptar_entrenamiento,v3: todos los dragones (train y test) del ZIP; sin filtro de encuadre para ampliar datos.
77,test/dragon/6df08994-8344-4f08-a5b2-fd32c6d72c57.jpg,19c5ed7422fcaa0c9a6c78c5acf86b081d4603a45219bfff2c6e3f2dd89c73d5,aceptar_entrenamiento,v3: todos los dragones (train y test) del ZIP; sin filtro de encuadre para ampliar datos.
78,test/dragon/6e45a57f-84b0-4e7f-bdd2-5af13224034b.jpg,7c7aec4d8916dd8b51164e9a73b39414a18ce7644eeb2acdf470a1e5834d3e59,aceptar_entrenamiento,v3: todos los dragones (train y test) del ZIP; sin filtro de encuadre para ampliar datos.
79,test/dragon/6ef07b20-740f-448b-9105-62f3b3b07409.jpg,696b541f198be47ca7ad03c9d97d61040fd545cb04cabf4b7232cc2a824f8cde,aceptar_entrenamiento,v3: todos los dragones (train y test) del ZIP; sin filtro de encuadre para ampliar datos.
80,test/dragon/6f4d8648-9e96-4fc4-bc81-a01ea2d92352.jpg,33d2658b10b0ba2060a50f0b469bc32e438fd8398e78f25b3cee68515f49f8e1,aceptar_entrenamiento,v3: todos los dragones (train y test) del ZIP; sin filtro de encuadre para ampliar datos.
81,test/dragon/6f63c08f-8fd8-4e63-b886-abadc5c9b4e0.jpg,e8d2d186cbf849a7a05d74f2dc7264575b9e9004d34c6591e9983f0d148934d5,aceptar_entrenamiento,v3: todos los dragones (train y test) del ZIP; sin filtro de encuadre para ampliar datos.
82,test/dragon/71334211-a029-46e9-8886-d0b38fff1060.jpg,1559240a948a91b594b39edaf85df8ff9ed7499d0a4356d17bf12dbbd03a6711,aceptar_entrenamiento,v3: todos los dragones (train y test) del ZIP; sin filtro de encuadre para ampliar datos.
83,test/dragon/715999ac-ec41-431c-ac46-e7bd30e9af86.jpg,fa1c951d43ff2ede888869961410c604ae0e997b7fcd91154ae59c710e18f9c2,aceptar_entrenamiento,v3: todos los dragones (train y test) del ZIP; sin filtro de encuadre para ampliar datos.
84,test/dragon/72086d30-9da2-4fea-b5a6-75a69bf07624.jpg,0926965e531c396e849b96c6828e05d7bad5e9bab3b72852b76ab51fee9df7ec,aceptar_entrenamiento,v3: todos los dragones (train y test) del ZIP; sin filtro de encuadre para ampliar datos.
85,test/dragon/76215615-8119-4aac-802c-c9957fc713aa.jpg,d51cdc668c1b68497dc72d3e4d3012168fb9e7e52a5aa7640a748c56a56bfd90,aceptar_entrenamiento,v3: todos los dragones (train y test) del ZIP; sin filtro de encuadre para ampliar datos.
86,test/dragon/7824f9f4-b0d6-4851-97d4-88b0e36c3a7d.jpg,9e5fb2acf0561a072780c70e88fb27bff33cadcf1608471ab45f5457466ba696,aceptar_entrenamiento,v3: todos los dragones (train y test) del ZIP; sin filtro de encuadre para ampliar datos.
87,test/dragon/797d61b3-e755-46db-8d7e-4c13b1b18006.jpg,389f4f3256570d3504435fb3a5c5bb86ec61992d9493627519a562cb22c9e511,aceptar_entrenamiento,v3: todos los dragones (train y test) del ZIP; sin filtro de encuadre para ampliar datos.
88,test/dragon/7ad8e504-9523-4845-938b-213e46d7fe7c.jpg,268341558f9c49f7bc9a33b84974dd00c53111b298adceabdc233f5c8cce6bf8,aceptar_entrenamiento,v3: todos los dragones (train y test) del ZIP; sin filtro de encuadre para ampliar datos.
89,test/dragon/7b5241ca-2f04-4c46-8ecc-222ca9bd38fa.jpg,c92b0107ecf0f9d30ac83c385f2b6f9d794261663a78135f7aa030bd5d28360e,aceptar_entrenamiento,v3: todos los dragones (train y test) del ZIP; sin filtro de encuadre para ampliar datos.
90,test/dragon/7cd05ea7-d372-4494-a4e0-0fc5c47e2bb2.jpg,f79552fb05a5f8ee164f55d1b2fb62a73844a885369c476a075b968181f16f71,aceptar_entrenamiento,v3: todos los dragones (train y test) del ZIP; sin filtro de encuadre para ampliar datos.
91,test/dragon/7d10be02-9936-4069-a711-fa7b9831820b.jpg,5cf96f515259f0cdab721c4ac12982d5f6b33068db01b3029221b9c005f63df9,aceptar_entrenamiento,v3: todos los dragones (train y test) del ZIP; sin filtro de encuadre para ampliar datos.
92,test/dragon/7df5fa27-ab9d-4c65-8347-4810e1e754c2.jpg,d7db4d9daa65d5b82612d6f7fe8c725823e6ea5f80a42500d9a7be95dd53cb74,aceptar_entrenamiento,v3: todos los dragones (train y test) del ZIP; sin filtro de encuadre para ampliar datos.
93,test/dragon/802dd6a4-3d4f-4955-b694-67f1df3a95f5.jpg,08e22c0565b1911fcfcf000015a5ecd5089ec720dbccfaa88866add3a5fe667d,aceptar_entrenamiento,v3: todos los dragones (train y test) del ZIP; sin filtro de encuadre para ampliar datos.
94,test/dragon/8157a359-e460-41ba-ac7e-c1c8253de44b.jpg,aa3b4c3ffa0fa14d6345b3bee6b5b38ee442c0bc14d9e23f9908020cd3c6d536,aceptar_entrenamiento,v3: todos los dragones (train y test) del ZIP; sin filtro de encuadre para ampliar datos.
95,test/dragon/83350345-56b6-46fc-8b49-792f69c4c92d.jpg,a325301421179efada99de25eeee41450c8572325decda0cde06a84e85dcc921,aceptar_entrenamiento,v3: todos los dragones (train y test) del ZIP; sin filtro de encuadre para ampliar datos.
96,test/dragon/8492c70b-8289-46fc-b9a6-c74643014d5c.jpg,9bec2537956f5e7f325b04d1eb2ff5ec964f76cf910ac05378d7debe80ede04f,aceptar_entrenamiento,v3: todos los dragones (train y test) del ZIP; sin filtro de encuadre para ampliar datos.
97,test/dragon/885d770a-0166-4973-88d9-a4ad253ce56b.jpg,36fbca2c63344640ebe5740c6a8eaf182bada7aaf4064a59120c6024358688b8,aceptar_entrenamiento,v3: todos los dragones (train y test) del ZIP; sin filtro de encuadre para ampliar datos.
98,test/dragon/8877522f-0c97-423b-b5cf-e9f029cae2b1.jpg,a9dff145c3f933154749e9087366066314732e50a3d44ce538551328e3e42137,aceptar_entrenamiento,v3: todos los dragones (train y test) del ZIP; sin filtro de encuadre para ampliar datos.
99,test/dragon/8a097ab7-1846-4f92-ac09-f7e554ad79c9.jpg,34879b2390946ec813bc8e68db18969cb120d55fd6a5fe28c22dce2557ccb4f1,aceptar_entrenamiento,v3: todos los dragones (train y test) del ZIP; sin filtro de encuadre para ampliar datos.
100,test/dragon/8b64362c-e56e-47dc-9ae0-c36c8fb9dbb2.jpg,6a5623331123125fc6ca4fe4b3f3db4bb894b19c51162ad1bc9b6ef0d4c3b52e,aceptar_entrenamiento,v3: todos los dragones (train y test) del ZIP; sin filtro de encuadre para ampliar datos.
101,test/dragon/8c67b085-2f80-497d-b6b4-c009c2c67910.jpg,f4d5975cdd98dc7ee23dee8dbfd67ef8227cbe666d8745cd66a3494e7d8e4364,aceptar_entrenamiento,v3: todos los dragones (train y test) del ZIP; sin filtro de encuadre para ampliar datos.
102,test/dragon/8c91a0e5-eee1-4520-881d-9231e9d73ff7.jpg,19d5ea72b0856df4934c369bc969a313a740c0d3f99673b6c35a91f5b95e1b73,aceptar_entrenamiento,v3: todos los dragones (train y test) del ZIP; sin filtro de encuadre para ampliar datos.
103,test/dragon/8c934527-641d-4960-b756-bbecf6aa862f.jpg,34d1f888080505731738092cdf7902ddea99c6edaea066eddb4f8abe83ccb354,aceptar_entrenamiento,v3: todos los dragones (train y test) del ZIP; sin filtro de encuadre para ampliar datos.
104,test/dragon/8cbed62e-9af0-444e-85dd-2c630afbd1d9.jpg,b8fb53f588df93c37e6112e7bb455a58a0371734493da026a7e06ac0bf41facf,aceptar_entrenamiento,v3: todos los dragones (train y test) del ZIP; sin filtro de encuadre para ampliar datos.
105,test/dragon/8ebce8e2-ff35-4da6-8cd9-3f151082a7ad.jpg,3e9a1ad0931ae23ac29f6a0bb2dfbba21750fd3e8a4cbd19151a5af9ca833df0,aceptar_entrenamiento,v3: todos los dragones (train y test) del ZIP; sin filtro de encuadre para ampliar datos.
106,test/dragon/8ef3d2a5-a737-4d97-afb1-684d66886ec2.jpg,7483feb8ef460df50cfe0b20764979f9280ac0ad0118f2770961bea717b7f33c,aceptar_entrenamiento,v3: todos los dragones (train y test) del ZIP; sin filtro de encuadre para ampliar datos.
107,test/dragon/8f874f17-898b-490f-9b66-8ed1a146001c.jpg,65c9efa3f619cc525001723c593ab2d49ccf69c9ef02da9c765d63bcef535083,aceptar_entrenamiento,v3: todos los dragones (train y test) del ZIP; sin filtro de encuadre para ampliar datos.
108,test/dragon/90707f25-9aa7-4d2e-b43f-6a9f280228d3.jpg,5bb6c6aebd47a575f059da44299e1d0e21250dd9f85c40397e48caf24ce660bf,aceptar_entrenamiento,v3: todos los dragones (train y test) del ZIP; sin filtro de encuadre para ampliar datos.
109,test/dragon/90ba9d93-6184-44a4-9223-cce3b950db40.jpg,458239edec8959949401fd36a0f831c6b764120e2e76f4dde5b39ac1162cecb7,aceptar_entrenamiento,v3: todos los dragones (train y test) del ZIP; sin filtro de encuadre para ampliar datos.
110,test/dragon/91737f76-30ab-41e4-89a6-f169fb3e7bac.jpg,1da7059f643a68f15ccd046d7e039eec00fe67c330f416d6f6d72633ce9a82a1,aceptar_entrenamiento,v3: todos los dragones (train y test) del ZIP; sin filtro de encuadre para ampliar datos.
111,test/dragon/9478f457-a831-4675-b07e-63e0f83a8c35.jpg,32e96da16bc61c76b7c68ed00775c1c7ff1edbf45fa6ea694cc837274fc49429,aceptar_entrenamiento,v3: todos los dragones (train y test) del ZIP; sin filtro de encuadre para ampliar datos.
112,test/dragon/9483fa1c-6020-4515-85c8-8a0a390ab2ec.jpg,4cf06f2596099cb1ee25a95307933a4a0bd2a7a5f4c82d97b02afe220239c50e,aceptar_entrenamiento,v3: todos los dragones (train y test) del ZIP; sin filtro de encuadre para ampliar datos.
113,test/dragon/96f07cb9-f8f8-4903-ba11-f5a10f2fdf14.jpg,224cf9c14e3a939727b0b7e9965f9618e29193f091da0c6a7cbe3e6bf4a01bab,aceptar_entrenamiento,v3: todos los dragones (train y test) del ZIP; sin filtro de encuadre para ampliar datos.
114,test/dragon/98e929ee-eb6e-4ab9-a89b-44fb75af6229.jpg,9463f91cb814e5e65f17330da4508c5a240dc44ffd1fd4f41082b517b4bab190,aceptar_entrenamiento,v3: todos los dragones (train y test) del ZIP; sin filtro de encuadre para ampliar datos.
115,test/dragon/99155bd0-ef4d-4f51-be07-ec683945e480.jpg,d80234f8fe3d4fcc54101b9789c12d26f4aba33376255424a6261acb42613e4b,aceptar_entrenamiento,v3: todos los dragones (train y test) del ZIP; sin filtro de encuadre para ampliar datos.
116,test/dragon/99e99f5a-996d-4349-b531-477e8745d8d3.jpg,9ff6dd790600065d9aea709c0c9cfec137a1c61e02889214c96f448c1234ffa1,aceptar_entrenamiento,v3: todos los dragones (train y test) del ZIP; sin filtro de encuadre para ampliar datos.
117,test/dragon/9ae9e8d7-ce9a-469d-88b1-0b63088896d7.jpg,9390b240e6037c592ba93dd4f522f9eeb61790268345601a4b74d2dfcfc4f464,aceptar_entrenamiento,v3: todos los dragones (train y test) del ZIP; sin filtro de encuadre para ampliar datos.
118,test/dragon/9bdcd980-3821-4ff5-aa26-3970429b0c97.jpg,58f0ca4c69756cb4d941d71a72be99dc87a29c9d95d8ee1d70eb73b88e8f73a7,aceptar_entrenamiento,v3: todos los dragones (train y test) del ZIP; sin filtro de encuadre para ampliar datos.
119,test/dragon/9c401d4e-93c7-493c-8132-07b8e7e03882.jpg,c25dd75be8fa3bf2c60d34529675b44f51801f669109f7306b8907cb0617d4b1,aceptar_entrenamiento,v3: todos los dragones (train y test) del ZIP; sin filtro de encuadre para ampliar datos.
120,test/dragon/9e1817bd-26c9-4731-8b9e-7932b64b6c3a.jpg,f1ac1fd11c7b0333937d2b774af6c1cad1a51a6e3f834e3f60cbbb1d8e225a79,aceptar_entrenamiento,v3: todos los dragones (train y test) del ZIP; sin filtro de encuadre para ampliar datos.
121,test/dragon/9e8cfdfe-0dbd-48be-a378-c5967ffeadc1.jpg,e2325eba9f4593c90684b9f57cd7d02b2e2d1be50a1d5cbd350cc06432912bc2,aceptar_entrenamiento,v3: todos los dragones (train y test) del ZIP; sin filtro de encuadre para ampliar datos.
122,test/dragon/9f162d9c-e1cf-4c08-954c-849136ed5d55.jpg,0f363c249712123c74bea2436bafda4c4d01640ec7d6dae292ffb5a0707bcfbf,aceptar_entrenamiento,v3: todos los dragones (train y test) del ZIP; sin filtro de encuadre para ampliar datos.
123,test/dragon/a008b0b3-1751-4c25-b310-8101780d9d20.jpg,0cf0ccc497c871a7d43837e446895bcdeac9d96c6fe2e749600de102d9def118,aceptar_entrenamiento,v3: todos los dragones (train y test) del ZIP; sin filtro de encuadre para ampliar datos.
124,test/dragon/a0d356ee-f6aa-45de-ad14-9f1d8d390a51.jpg,05b851750bda5cb6d5b377d32e2ecd0008567ee981d750139a8f6e05b3662d41,aceptar_entrenamiento,v3: todos los dragones (train y test) del ZIP; sin filtro de encuadre para ampliar datos.
125,test/dragon/a101f6d3-5178-4297-b622-e4852206b83e.jpg,51ffee7b7c1994df34e54cdf746920001fc486f0ecc2b17609c05f3844c1a8c7,aceptar_entrenamiento,v3: todos los dragones (train y test) del ZIP; sin filtro de encuadre para ampliar datos.
126,test/dragon/a117fdfa-201a-445a-864b-77758e01a89a.jpg,074418a1c120c2c314a5488e00804d510d63d2e38de15349790eaf3d839f06d4,aceptar_entrenamiento,v3: todos los dragones (train y test) del ZIP; sin filtro de encuadre para ampliar datos.
127,test/dragon/a24bbe7c-8be8-401e-9569-4b74aaa1b600.jpg,4250b5f133788a457fcf9644d55bb09b450dc1063405f95a2eef55636f0b1a5d,aceptar_entrenamiento,v3: todos los dragones (train y test) del ZIP; sin filtro de encuadre para ampliar datos.
128,test/dragon/a312eb16-5d4c-4f31-81fa-4a53ff856387.jpg,001446bfcdb98f93b99b76720b122daa90b4b8b1098a9d2ea9cd0fbf9ff53eba,aceptar_entrenamiento,v3: todos los dragones (train y test) del ZIP; sin filtro de encuadre para ampliar datos.
129,test/dragon/a43fec33-472a-4e8c-af1b-bbc2a0d6f2ae.jpg,e2fa6f94894ed57345eeb933c83b38fe5a5e611ae2e4b8ee5ce6dff3a3b97eed,aceptar_entrenamiento,v3: todos los dragones (train y test) del ZIP; sin filtro de encuadre para ampliar datos.
130,test/dragon/a70acb3f-f287-48ce-ae9f-5f064d991565.jpg,d996b5da40a1ab1e2536dd1f834c2400530aa570a6cd742ab1b89c3e4b8fa707,aceptar_entrenamiento,v3: todos los dragones (train y test) del ZIP; sin filtro de encuadre para ampliar datos.
131,test/dragon/ad4cf259-9d8c-423d-b10b-ba8c9219d607.jpg,9581813ea35f6073f1c11a6c3d3499df085d159f6f6e5ca9516d8e694c69a7e0,aceptar_entrenamiento,v3: todos los dragones (train y test) del ZIP; sin filtro de encuadre para ampliar datos.
132,test/dragon/afddb67d-2029-4422-8477-b2573ddc63b2.jpg,a1a740f9d43b864bc84e6fb9ef30b9833b57df6caee80136d1c1b32e62a69b2f,aceptar_entrenamiento,v3: todos los dragones (train y test) del ZIP; sin filtro de encuadre para ampliar datos.
133,test/dragon/b0f1c5ce-660a-4201-8a6a-a4afa23ee9fa.jpg,3f54665b008e338397d287d2c66ae5339092f452cc00a52bc0d242a02480412b,aceptar_entrenamiento,v3: todos los dragones (train y test) del ZIP; sin filtro de encuadre para ampliar datos.
134,test/dragon/b17aebad-7046-427e-a3de-e63fc87ca9c4.jpg,b4a294261af01d5628049611916727bda2f7be36ef95f8bfade303de7cfbc8b4,aceptar_entrenamiento,v3: todos los dragones (train y test) del ZIP; sin filtro de encuadre para ampliar datos.
135,test/dragon/b1aa362d-e1dd-45cf-be39-6692da98a376.jpg,e895ee7b06494cf1368ca2b3d51edb15c10e6d1200df16b788bf2a081cedcf6e,aceptar_entrenamiento,v3: todos los dragones (train y test) del ZIP; sin filtro de encuadre para ampliar datos.
136,test/dragon/b3391ecc-b9ef-4443-9997-1157110a85de.jpg,7b247a9462110bf9816a77acf44338b9b914e24359ef2afca06710f76344ba04,aceptar_entrenamiento,v3: todos los dragones (train y test) del ZIP; sin filtro de encuadre para ampliar datos.
137,test/dragon/b3fd67df-2c07-4cad-914c-85b3f1ddc2ad.jpg,65b94caf29e74ae0ec44a160fad263727a016946ca448a2bedfeac003517bc54,aceptar_entrenamiento,v3: todos los dragones (train y test) del ZIP; sin filtro de encuadre para ampliar datos.
138,test/dragon/b58d5ee7-db27-48cf-9a24-036a7a92f0e3.jpg,d75ee1ced16759006ee076659d2e5972dfdbb2b4109987d8bd4c08e59988e8ca,aceptar_entrenamiento,v3: todos los dragones (train y test) del ZIP; sin filtro de encuadre para ampliar datos.
139,test/dragon/b60f8f5a-b04b-4f78-93d4-273c15b91f5d.jpg,5a7ad5a253c41dc8ff8ac24516e7912748ff042e4eb5a76556f33c9eff53e23f,aceptar_entrenamiento,v3: todos los dragones (train y test) del ZIP; sin filtro de encuadre para ampliar datos.
140,test/dragon/b6952d8a-d54c-4cef-9321-355d0bea364f.jpg,e14e0bf6a56ceaf4e07ed2af24bf22e4594c386661d65e9bb928afa74790bee4,aceptar_entrenamiento,v3: todos los dragones (train y test) del ZIP; sin filtro de encuadre para ampliar datos.
141,test/dragon/b7f0925e-a8f9-4dc8-97ee-708c782a92a4.jpg,24cc03c7ef4b3de898a0f0242762c8b7ef111898f146c69871322b24de538274,aceptar_entrenamiento,v3: todos los dragones (train y test) del ZIP; sin filtro de encuadre para ampliar datos.
142,test/dragon/b855f102-9ea8-4251-bb25-72c050fc5306.jpg,3f73dd04f121d701d441d073078f5d3a44784fe7194428ec1950969cf2d34b0e,aceptar_entrenamiento,v3: todos los dragones (train y test) del ZIP; sin filtro de encuadre para ampliar datos.
143,test/dragon/b931d4d1-cb6c-425b-9799-7d0e594ff71c.jpg,10f38da70161c3c94bbf908206ba73a7dfd09536c30852917d02debc4eaad12a,aceptar_entrenamiento,v3: todos los dragones (train y test) del ZIP; sin filtro de encuadre para ampliar datos.
144,test/dragon/bae2f8c9-c68c-474b-8241-74192c5f4d92.jpg,af3c9ddd74e63c708c54c6ebfc07060e5dd29fb5a67e2804db6723de1190f4cd,aceptar_entrenamiento,v3: todos los dragones (train y test) del ZIP; sin filtro de encuadre para ampliar datos.
145,test/dragon/bcbe5484-7f94-4230-8dd1-1dcbf927baa5.jpg,fd5a4846a622d0e48161f0ec7379835627a8061a00f0d207d21d4f9d0433819e,aceptar_entrenamiento,v3: todos los dragones (train y test) del ZIP; sin filtro de encuadre para ampliar datos.
146,test/dragon/c14b450a-0312-44fa-8a15-6eaab9ab9878.jpg,ab4705d36775b85cf8ca86d265bb898bc9c595e0ce13d7854dd0e2c0f5d6befd,aceptar_entrenamiento,v3: todos los dragones (train y test) del ZIP; sin filtro de encuadre para ampliar datos.
147,test/dragon/c54b1767-d53f-4586-b669-e33534ef1fe7.jpg,4e5dbe13a252ad2ff2ba78085b52e7f379e196045899ead86ae0619d7305a62f,aceptar_entrenamiento,v3: todos los dragones (train y test) del ZIP; sin filtro de encuadre para ampliar datos.
148,test/dragon/c5956af2-4d81-4511-ad1d-7f4cd12cbce9.jpg,ba2f32402454ac39e2fa460110d95b78f9f64bac2d222b982d0eae20829a3843,aceptar_entrenamiento,v3: todos los dragones (train y test) del ZIP; sin filtro de encuadre para ampliar datos.
149,test/dragon/c6cef6c1-65ce-42ea-a70e-e4dc33a4cf30.jpg,d3627c0b1739edcde7b92757a7830e86372f674c3b6dfc2a7bab38146a8f4205,aceptar_entrenamiento,v3: todos los dragones (train y test) del ZIP; sin filtro de encuadre para ampliar datos.
150,test/dragon/ca9ee77e-85cb-40fa-bd9a-3e030bc9d593.jpg,4bbdf97f438a266807a47760d9d5716f4c0a069d315650fe13e779912219ac3c,aceptar_entrenamiento,v3: todos los dragones (train y test) del ZIP; sin filtro de encuadre para ampliar datos.
151,test/dragon/cbe70763-b716-4568-b538-baf054c593f4.jpg,39b4d8f4c6b23953b45695eb3927f03944051481a85f2df0fec3e3d169fb1927,aceptar_entrenamiento,v3: todos los dragones (train y test) del ZIP; sin filtro de encuadre para ampliar datos.
152,test/dragon/ce4b205b-5df6-43a3-8bd6-9685db9c729b.jpg,934694e37ceaeafe3425a89729f3c0a28870db11703de6380713aaf4c7734721,aceptar_entrenamiento,v3: todos los dragones (train y test) del ZIP; sin filtro de encuadre para ampliar datos.
153,test/dragon/cecbb30f-5ccd-44e7-a345-3e006aaf1cee.jpg,9d4c18f6eaec5c9d80c24ce18b50bdbbabe2f3c07a0c9c57361d88d701062e21,aceptar_entrenamiento,v3: todos los dragones (train y test) del ZIP; sin filtro de encuadre para ampliar datos.
154,test/dragon/cfc42d69-e49e-483d-b111-65b2a3d43b02.jpg,803203e676fa0dbce3da166a43fca227a24c7427d2ad684cbf51b801706ab35f,aceptar_entrenamiento,v3: todos los dragones (train y test) del ZIP; sin filtro de encuadre para ampliar datos.
155,test/dragon/d1aff2eb-89bc-4589-8821-16918f73e432.jpg,9b52da443755859ecce5ec80e163b8ee391dda0df4e10234035fa75d67f1115d,aceptar_entrenamiento,v3: todos los dragones (train y test) del ZIP; sin filtro de encuadre para ampliar datos.
156,test/dragon/d25e903c-237d-4a9e-b798-973d99630b4a.jpg,5a8edc6273e1363efe9cfe9b86c32682c811a7d577d929617b19e4534cc87322,aceptar_entrenamiento,v3: todos los dragones (train y test) del ZIP; sin filtro de encuadre para ampliar datos.
157,test/dragon/d34bd5e8-e5ab-4a59-bcae-5f70cc6d8493.jpg,6bebbee78adf112077961ec04895b67283b14ac3e15cafeebfb28c6f39817de0,aceptar_entrenamiento,v3: todos los dragones (train y test) del ZIP; sin filtro de encuadre para ampliar datos.
158,test/dragon/d4524ef4-622e-47ba-930c-01b6f9894ac8.jpg,9346553ca385bb3d28109fd2c01555c1bd25ba2f097fd15cd55cdab2717bea96,aceptar_entrenamiento,v3: todos los dragones (train y test) del ZIP; sin filtro de encuadre para ampliar datos.
159,test/dragon/d59eaf8e-2609-4a89-a288-625eaf850440.jpg,3c6a3d42b960b96c154a5e6b5682480fa67c28f3c537ecfe5ce7a87ef4f19ea8,aceptar_entrenamiento,v3: todos los dragones (train y test) del ZIP; sin filtro de encuadre para ampliar datos.
160,test/dragon/d62fb3bc-2138-41ae-b35b-bf8e1683a283.jpg,0aec01301d3f1286a6cbe7903eee414daa506c0c1acad7606354f0fc1469bdec,aceptar_entrenamiento,v3: todos los dragones (train y test) del ZIP; sin filtro de encuadre para ampliar datos.
161,test/dragon/d731e289-5488-4dcf-aa94-78d88a12c922.jpg,3ba3485a3c7e7d629d92d12b089332d8f2bbc37ca637cfc6cd438277bc667a60,aceptar_entrenamiento,v3: todos los dragones (train y test) del ZIP; sin filtro de encuadre para ampliar datos.
162,test/dragon/d78f25d1-9b45-4c46-814b-34b608128550.jpg,b4029435a916d050db8c929bcdb96baf4835b0e2980f60e9743863ffe8c7d31d,aceptar_entrenamiento,v3: todos los dragones (train y test) del ZIP; sin filtro de encuadre para ampliar datos.
163,test/dragon/d7c696bd-a9aa-46ae-a447-9250773c9cf4.jpg,7459dfbecdc947ed761492469d357a83461d171216b3bdd2f08e61bc6fe80ad4,aceptar_entrenamiento,v3: todos los dragones (train y test) del ZIP; sin filtro de encuadre para ampliar datos.
164,test/dragon/d7c9c2f6-28e9-4831-9c4a-2b1443cd7997.jpg,b7a8e092e62ec6575966127554d3c23b7d39a5acf2259b61ba7a345eed5882d7,aceptar_entrenamiento,v3: todos los dragones (train y test) del ZIP; sin filtro de encuadre para ampliar datos.
165,test/dragon/da7d33b4-e89a-47bd-a59e-78f983d260e4.jpg,a4d9a7bdf1ab69552e68db4620196eccdce86d9909b85cc044bf40f92db2f45a,aceptar_entrenamiento,v3: todos los dragones (train y test) del ZIP; sin filtro de encuadre para ampliar datos.
166,test/dragon/dc576b07-78e3-43a8-95f2-93fc22b42117.jpg,c969991d8453f44123fab4d7f0e5bca7e97e0b676542846440c1135840a2d778,aceptar_entrenamiento,v3: todos los dragones (train y test) del ZIP; sin filtro de encuadre para ampliar datos.
167,test/dragon/dc74f54e-c6e0-4731-bcd5-0a3546540ef5.jpg,fee663a1cfc52680dee7f7f15e7c6a85dca571d7358523ad97b641d3ff4bbccf,aceptar_entrenamiento,v3: todos los dragones (train y test) del ZIP; sin filtro de encuadre para ampliar datos.
168,test/dragon/df1b55f5-6dd9-4763-806e-aa631b6c9630.jpg,fde321ae217a169a384efc491d1b6604861fef6f56d13d1eaf49ad8eb04a4fad,aceptar_entrenamiento,v3: todos los dragones (train y test) del ZIP; sin filtro de encuadre para ampliar datos.
169,test/dragon/e050c351-509e-47ef-a38f-771d0b960037.jpg,af5514f5106700dbf14b2c94551e02ac2c7c1b10137e45bb0d10b7828f6a2ef7,aceptar_entrenamiento,v3: todos los dragones (train y test) del ZIP; sin filtro de encuadre para ampliar datos.
170,test/dragon/e16ded17-7135-4dc8-889d-407190a021b5.jpg,a8f564c56b77fb326b7233f8dff1115d4d9bc04ae25170a72ca1acbe4ec5eda4,aceptar_entrenamiento,v3: todos los dragones (train y test) del ZIP; sin filtro de encuadre para ampliar datos.
171,test/dragon/e1d489cb-431c-4e1c-ac9d-e6b7651e9885.jpg,a890d2a35af3962a45891040a5b42292e17cd15820f96fc7289b687b382768d9,aceptar_entrenamiento,v3: todos los dragones (train y test) del ZIP; sin filtro de encuadre para ampliar datos.
172,test/dragon/e2924bab-7296-4a11-81a4-685c32f4999c.jpg,092038ef3d00cdc09eb0d5057263875167ff291be9d0fcedb6cf3b39711cb49b,aceptar_entrenamiento,v3: todos los dragones (train y test) del ZIP; sin filtro de encuadre para ampliar datos.
173,test/dragon/e5c04f76-9dfb-465e-9dbe-360fb76574f9.jpg,918934f2814f8a92348ecab85cee9e3b017103dc5534c392624fc21338f51caa,aceptar_entrenamiento,v3: todos los dragones (train y test) del ZIP; sin filtro de encuadre para ampliar datos.
174,test/dragon/e682daa6-02e5-40dc-a45c-a6ad9bbde20b.jpg,bc647dd5354906d9a8a89795438121c0c9337b26a3f71393450364dae174c21c,aceptar_entrenamiento,v3: todos los dragones (train y test) del ZIP; sin filtro de encuadre para ampliar datos.
175,test/dragon/e9aff392-a12d-4d55-9a10-9267a918d35c.jpg,f769bbddb9c6117855eb3dcb5d2d1063311d162bd359f517777b07b4eec69920,aceptar_entrenamiento,v3: todos los dragones (train y test) del ZIP; sin filtro de encuadre para ampliar datos.
176,test/dragon/ea212276-c568-4b79-ba22-287c9cb9ed05.jpg,f16bcffead6fbb6d712b676ed4ce6d276d6d61e1f9e39c2a32ab53f360d71bcf,aceptar_entrenamiento,v3: todos los dragones (train y test) del ZIP; sin filtro de encuadre para ampliar datos.
177,test/dragon/ea47856a-4100-4f84-8acd-de7f6c089adf.jpg,104e8577f670bd9fbb143bca52d497aa1a6da0677bfe79504c57ae843557ed67,aceptar_entrenamiento,v3: todos los dragones (train y test) del ZIP; sin filtro de encuadre para ampliar datos.
178,test/dragon/ebc883f6-7b8b-4cf3-803c-da144bc561cd.jpg,82b8b0ae1e84a3d56028120eaf62128a92eeffd4f8132be72d3ac7444ebcedd5,aceptar_entrenamiento,v3: todos los dragones (train y test) del ZIP; sin filtro de encuadre para ampliar datos.
179,test/dragon/ebe37c2c-a589-4660-bd60-723878a08b57.jpg,e4dc7d8e32f5b8972fa09a56bf531701d762200038e1efec2263245ac8809ed8,aceptar_entrenamiento,v3: todos los dragones (train y test) del ZIP; sin filtro de encuadre para ampliar datos.
180,test/dragon/ed9c9bc1-bba9-4d28-be95-7bd07212b4f9.jpg,b81798660f9379ee2381aabf3f58e21371c1108cb4c8015c09290f4a5a73d607,aceptar_entrenamiento,v3: todos los dragones (train y test) del ZIP; sin filtro de encuadre para ampliar datos.
181,test/dragon/ee242c52-c708-42f8-8263-7789fcbab4a9.jpg,9719b3fa7a78256e25a5b788145adaf8deaf80ca86d4d635978817abf139c22d,aceptar_entrenamiento,v3: todos los dragones (train y test) del ZIP; sin filtro de encuadre para ampliar datos.
182,test/dragon/ee408f9a-f82a-4d03-b324-8091c35f3dc2.jpg,502c491b812caa0747c2add91b0c436b75420410d55122f1d216701d628dcf71,aceptar_entrenamiento,v3: todos los dragones (train y test) del ZIP; sin filtro de encuadre para ampliar datos.
183,test/dragon/ef5d53a1-dd3f-41bc-bfdf-8c0621bb9cf1.jpg,a70a0b5116ca2f2db2db93c5b4aaed5664c54a6b5c25826dc8dd2606faa9cf79,aceptar_entrenamiento,v3: todos los dragones (train y test) del ZIP; sin filtro de encuadre para ampliar datos.
184,test/dragon/ef941c89-cbe6-4423-a509-e4ff2d817987.jpg,f7a24a3901c1eb87dfc42ffea9562b3d85334bd711d56f80afa23d21e5119642,aceptar_entrenamiento,v3: todos los dragones (train y test) del ZIP; sin filtro de encuadre para ampliar datos.
185,test/dragon/f2689bf8-eab1-48f0-9dc7-db92201d334c.jpg,72baa4e64d7607609655df5e45f9c70b94a881ce5b4745a2b56454034383f359,aceptar_entrenamiento,v3: todos los dragones (train y test) del ZIP; sin filtro de encuadre para ampliar datos.
186,test/dragon/f5b77907-2cfb-4493-9be4-98f88632aad3.jpg,062b141a4ab5f9a0b46c3040f70aadfadf06a580651bbd944ae1072fbafe6e8d,aceptar_entrenamiento,v3: todos los dragones (train y test) del ZIP; sin filtro de encuadre para ampliar datos.
187,test/dragon/f87f9cbc-0c57-4cfb-9d20-12eac0f14205.jpg,e582c74fd48edbd570781da05eba9dbe959fc3282f5ba54e18aa7608e29f86f1,aceptar_entrenamiento,v3: todos los dragones (train y test) del ZIP; sin filtro de encuadre para ampliar datos.
188,test/dragon/f9bfa2e4-c99e-4c8d-844e-26443ec23924.jpg,0ef192e03134fdd1bd8acfcda43e5d6ad419b951c4b7d8d6514c87f38bc4d3e9,aceptar_entrenamiento,v3: todos los dragones (train y test) del ZIP; sin filtro de encuadre para ampliar datos.
189,test/dragon/fa059464-98fa-4a59-b852-9b953408f4ee.jpg,fc14ef00321cd83fcb2e8d478960b8eaaf115b37f559634df7de1ce011844107,aceptar_entrenamiento,v3: todos los dragones (train y test) del ZIP; sin filtro de encuadre para ampliar datos.
190,test/dragon/fa8c5ceb-d937-48c6-98f8-bfd2f5ff2e2c.jpg,f600ec1448c60acae8d3f4eaee6a6f236f057631906e33621ea7782ba6b4bd16,aceptar_entrenamiento,v3: todos los dragones (train y test) del ZIP; sin filtro de encuadre para ampliar datos.
191,test/dragon/fa92180e-adc0-4c1a-88f4-b74519b10c13.jpg,6113be65942b8fc2fa788b52de2f6eceda43293f14ce195e7caece78a852d2b1,aceptar_entrenamiento,v3: todos los dragones (train y test) del ZIP; sin filtro de encuadre para ampliar datos.
192,test/dragon/fad1106b-7ad3-459b-befa-10a88d61e8e3.jpg,6f80c321cf334405ade6f2a577ad56a12d426e0b77a78f911fd5f5b4f3fcb4ba,aceptar_entrenamiento,v3: todos los dragones (train y test) del ZIP; sin filtro de encuadre para ampliar datos.
193,test/dragon/fbd18225-e36f-4ad1-9d7c-5ab5f3e98cdc.jpg,c13ed1322250efb760615c139d904c6dbc507f636cdb50d5c9285f430b1a741b,aceptar_entrenamiento,v3: todos los dragones (train y test) del ZIP; sin filtro de encuadre para ampliar datos.
194,test/dragon/fbfe276c-344e-4352-9d00-bdda67288bd7.jpg,149d70f48307d93a908bc5369f23047691f8c596702bba96894a729b12994bfc,aceptar_entrenamiento,v3: todos los dragones (train y test) del ZIP; sin filtro de encuadre para ampliar datos.
195,test/dragon/fc8df509-8c45-4ed3-ba5a-dd82291927fa.jpg,d3d3e2cc2e72bbe2e04a32465aabe6416e5acea2b5aecd00687b5ba883274d0b,aceptar_entrenamiento,v3: todos los dragones (train y test) del ZIP; sin filtro de encuadre para ampliar datos.
196,test/dragon/fdd1a8fd-9116-43d6-ac09-8a81fa8231d3.jpg,b551659e2b6635b23cd1080fe9c8b9de338ecc674d67a280c23a5069d94667a0,aceptar_entrenamiento,v3: todos los dragones (train y test) del ZIP; sin filtro de encuadre para ampliar datos.
197,test/dragon/fe6b4367-be33-493f-b65d-cd79d93528dd.jpg,0d09033807c823d8f530882f5a74b1da214b4831fb5c0b75b7ff99d32f23e473,aceptar_entrenamiento,v3: todos los dragones (train y test) del ZIP; sin filtro de encuadre para ampliar datos.
198,train/dragon/000bf8e2-6467-462f-b4c8-61c78f94241b.jpg,22d3220bbca067fccac8a787e63e87c720fa65e7b927cf9133b4f307c27c3001,aceptar_entrenamiento,v3: todos los dragones (train y test) del ZIP; sin filtro de encuadre para ampliar datos.
199,train/dragon/0065e007-931f-4a67-ae27-7708e090cb26.jpg,24d30225fc4269cf55f8f87385f171ffff3c80d97b4b1a5f2ca363c53f3bffc6,aceptar_entrenamiento,v3: todos los dragones (train y test) del ZIP; sin filtro de encuadre para ampliar datos.
200,train/dragon/00af6fd7-5484-4e59-b974-761a5c36a16e.jpg,a9bd455e01cf57176558367af275095825354425392e995bdb4753a4b0ac2d72,aceptar_entrenamiento,v3: todos los dragones (train y test) del ZIP; sin filtro de encuadre para ampliar datos.
201,train/dragon/00fb9fec-4f3e-454e-b804-7709f98d87fe.jpg,100623a99495351da72bc70f935b8fd27432c9d0be63fcf84b06b2e403a97b90,aceptar_entrenamiento,v3: todos los dragones (train y test) del ZIP; sin filtro de encuadre para ampliar datos.
202,train/dragon/011689fa-0178-4721-bcb0-6e63c6814a98.jpg,cb7df58acf0050bebae8009b91729a2a79b068c56970df88ecdae5245ca00d02,aceptar_entrenamiento,v3: todos los dragones (train y test) del ZIP; sin filtro de encuadre para ampliar datos.
203,train/dragon/01ca280a-e99c-457f-9eac-68d280e2569c.jpg,ce82ef13547406c5320a8287ceb209710d6047eed6341649832dd2780217a14e,aceptar_entrenamiento,v3: todos los dragones (train y test) del ZIP; sin filtro de encuadre para ampliar datos.
204,train/dragon/0226f61b-95d8-4aaf-9c4a-b1d2177edb38.jpg,bdc12e8d01a162c0738e93c57c1c1c9584d90894c6f7e9cdbc46b57b7a24e8f3,aceptar_entrenamiento,v3: todos los dragones (train y test) del ZIP; sin filtro de encuadre para ampliar datos.
205,train/dragon/024eadf4-3a93-4c4b-8e46-01c36700906e.jpg,56fab528f9a7dff94a577d9f86649e2b21ed80444181b08dd62ea882a89f5dcf,aceptar_entrenamiento,v3: todos los dragones (train y test) del ZIP; sin filtro de encuadre para ampliar datos.
206,train/dragon/0290e78f-5d8d-454f-953a-72f831eee71e.jpg,39edca41cc445d7470aa97b30d2feb8096027be1cc4723cc487c6bcc3915609f,aceptar_entrenamiento,v3: todos los dragones (train y test) del ZIP; sin filtro de encuadre para ampliar datos.
207,train/dragon/03c4c938-02b3-40f6-b40b-847eac02657e.jpg,3b995db07b66f8b7efa14e0ad61dca570c5a2b6ae25b19d3c977f1221e069e55,aceptar_entrenamiento,v3: todos los dragones (train y test) del ZIP; sin filtro de encuadre para ampliar datos.
208,train/dragon/05106332-cb36-4621-b35d-d0eb100e8e73.jpg,6fabdbce2c7b1123edf5cfc4d1667fb0b19a8e4b6761a433a430cbe207689e1b,aceptar_entrenamiento,v3: todos los dragones (train y test) del ZIP; sin filtro de encuadre para ampliar datos.
209,train/dragon/05d01932-8009-4535-8ec0-77b68c60a89b.jpg,091fae5e2d47dbae8a2c445357c5f9dca1fc0175483030f0b23e1802c06e1681,aceptar_entrenamiento,v3: todos los dragones (train y test) del ZIP; sin filtro de encuadre para ampliar datos.
210,train/dragon/05fea1a2-4bfa-498d-842d-582003f219b7.jpg,3535b57ef964ad3fab2d65ce2c83c2b3b473039be1e5c904073f77059b55cc2f,aceptar_entrenamiento,v3: todos los dragones (train y test) del ZIP; sin filtro de encuadre para ampliar datos.
211,train/dragon/060d636a-6cd7-490e-9a64-aa6e85c7e9a7.jpg,1884c2f8b0bf51e9088f5ec846384c86096568049dddee998fb14c3300a53f63,aceptar_entrenamiento,v3: todos los dragones (train y test) del ZIP; sin filtro de encuadre para ampliar datos.
212,train/dragon/0658ae66-0e2f-4b0f-90ff-acbc621fe0f2.jpg,c919daec7650fd69b4f89f052b5685a96ad2fcccbb6a782e529ea70068440312,aceptar_entrenamiento,v3: todos los dragones (train y test) del ZIP; sin filtro de encuadre para ampliar datos.
213,train/dragon/06603f1a-ad1b-401c-9ad8-dd1319976cb9.jpg,60bbdb2227ba8f40cb89e2a7644172944513126277678eeb3b62cf700259b78f,aceptar_entrenamiento,v3: todos los dragones (train y test) del ZIP; sin filtro de encuadre para ampliar datos.
214,train/dragon/066a0e02-6e35-4130-8920-e1602754e006.jpg,fb14a3f60c8896fd5a3ed620c8cf2488cf82896b78e5ac2f75440106334ead77,aceptar_entrenamiento,v3: todos los dragones (train y test) del ZIP; sin filtro de encuadre para ampliar datos.
215,train/dragon/06d302db-71a1-4be8-8b04-7cc1d6bc4702.jpg,5bdb66f7236a92073638259361bf8b443ac75065fa96522c699890c12ba2151c,aceptar_entrenamiento,v3: todos los dragones (train y test) del ZIP; sin filtro de encuadre para ampliar datos.
216,train/dragon/06d94bff-a209-48e4-9562-5b55480fede0.jpg,53fa2acc62e34c54a33344e8e12b1526fae30a8bf14c75f4a95be53a52a56fe8,aceptar_entrenamiento,v3: todos los dragones (train y test) del ZIP; sin filtro de encuadre para ampliar datos.
217,train/dragon/0716401a-51b0-4851-b8c4-f8242be00f88.jpg,55e4e956949ed017d65469c73462bca57296404544e6129bd7710c79b4f35999,aceptar_entrenamiento,v3: todos los dragones (train y test) del ZIP; sin filtro de encuadre para ampliar datos.
218,train/dragon/075cac70-93a0-4080-a440-bf61af9d0ea6.jpg,bf4ef745cc9f0d04cac67f8cb53617f053845c59d602f8abb0d3fab4996b7574,aceptar_entrenamiento,v3: todos los dragones (train y test) del ZIP; sin filtro de encuadre para ampliar datos.
219,train/dragon/07b5e20a-d0c0-443f-8cfc-14047a064377.jpg,424fb8b45135fe8eed555b6110e5fe64a2ac9287a33481e38544c32f3fdd3b29,aceptar_entrenamiento,v3: todos los dragones (train y test) del ZIP; sin filtro de encuadre para ampliar datos.
220,train/dragon/07f2353d-f60a-4760-86f5-20bf6fd49276.jpg,b98d5af6cc6466bf14d95a597645e6ecc63849163d270ebb724864ece5c3f260,aceptar_entrenamiento,v3: todos los dragones (train y test) del ZIP; sin filtro de encuadre para ampliar datos.
221,train/dragon/0831d9c3-7f86-4b81-8fea-e73f6b67d5b4.jpg,fe88c111f2c58d36a7a9dd5afc184fd3790144b649098e57e5915debbb2207e0,aceptar_entrenamiento,v3: todos los dragones (train y test) del ZIP; sin filtro de encuadre para ampliar datos.
222,train/dragon/083bcb6d-d886-41f9-adb7-c7ef3ada1ef0.jpg,b394793d70028bfe94a0b0168e512b37105c26352ad1cccb50f744a7492be1d4,aceptar_entrenamiento,v3: todos los dragones (train y test) del ZIP; sin filtro de encuadre para ampliar datos.
223,train/dragon/083f627f-8386-455d-9752-1383b66286f5.jpg,c7f2ca45ca3adc2f77500524b69819a5dd3bb0fd644be961edf0d474d6da2e6a,aceptar_entrenamiento,v3: todos los dragones (train y test) del ZIP; sin filtro de encuadre para ampliar datos.
224,train/dragon/0842400a-50dd-4cba-8ec2-799ff7955879.jpg,8e12d450b4b9721f4d2477df2851373ac89950028c434bb140d250c7afb90c6d,aceptar_entrenamiento,v3: todos los dragones (train y test) del ZIP; sin filtro de encuadre para ampliar datos.
225,train/dragon/08c9a261-52fa-478b-86e1-9b4c934569df.jpg,e585e558eb2c409b5cd6478a6882b47db2415c1137ea4a4ec950a167eb8b1fb5,aceptar_entrenamiento,v3: todos los dragones (train y test) del ZIP; sin filtro de encuadre para ampliar datos.
226,train/dragon/09ec5a83-ecfe-48ba-bfe6-e8f88b40c6df.jpg,dfedfdaf54df8cbc7b12b538491003f8f0ca9fa70d19752e81a0d49248fd8654,aceptar_entrenamiento,v3: todos los dragones (train y test) del ZIP; sin filtro de encuadre para ampliar datos.
227,train/dragon/0a073ab6-2bdd-4f14-a3e8-6046fa96ef9f.jpg,f179955c979b5c2b0073fd43b802178ad25d10c01b2b8ec0224f149005878be5,aceptar_entrenamiento,v3: todos los dragones (train y test) del ZIP; sin filtro de encuadre para ampliar datos.
228,train/dragon/0a0df2f5-8977-45b2-8865-f2fd3de74490.jpg,4f537bc194c632755953369694386f33191bb893b854dc7761f3275de8296cf8,aceptar_entrenamiento,v3: todos los dragones (train y test) del ZIP; sin filtro de encuadre para ampliar datos.
229,train/dragon/0a90f342-de79-4699-aab9-a2c9b65f3861.jpg,b56de328b14745d7871b33be6c57734537d46d8616f3f1b513bee38d0b6d0986,aceptar_entrenamiento,v3: todos los dragones (train y test) del ZIP; sin filtro de encuadre para ampliar datos.
230,train/dragon/0aee0c80-3474-45f8-99e2-40abcf883b3d.jpg,42d8adbeb7ce982d9a58c9b8b484da2c1dc302d50fb364a6a5972b0cfb8f9c32,aceptar_entrenamiento,v3: todos los dragones (train y test) del ZIP; sin filtro de encuadre para ampliar datos.
231,train/dragon/0bbefd7a-785a-4020-b480-016820552749.jpg,aa02458602c13b336dc220a4332ca1ed590574364f5b1a86fa61308b178a5bcf,aceptar_entrenamiento,v3: todos los dragones (train y test) del ZIP; sin filtro de encuadre para ampliar datos.
232,train/dragon/0bfa594f-ea8e-4d9f-94d4-45bc5f381747.jpg,87f7e177b2a78873c5b0aaf0086414db2d434ad8c1f5b1430b857bd152936ac6,aceptar_entrenamiento,v3: todos los dragones (train y test) del ZIP; sin filtro de encuadre para ampliar datos.
233,train/dragon/0c42dd88-bb34-423c-bb82-547798e22b12.jpg,955023a5e87418c91f12edb1f7a4d5e52c796098ccc7d0de499a94488ffbf300,aceptar_entrenamiento,v3: todos los dragones (train y test) del ZIP; sin filtro de encuadre para ampliar datos.
234,train/dragon/0c7fba40-5f12-4780-bb36-c34dc15121e6.jpg,7e541baa8034265cefc9c1ec8f5d125aafebd1d5f4eefc2097856e6f4ada2dd9,aceptar_entrenamiento,v3: todos los dragones (train y test) del ZIP; sin filtro de encuadre para ampliar datos.
235,train/dragon/0cbea253-7ce2-47e7-8521-479796c89518.jpg,1fa9cda0c78436d79a9310bd63698e073949c9dc6fb289b3b334f113954ff848,aceptar_entrenamiento,v3: todos los dragones (train y test) del ZIP; sin filtro de encuadre para ampliar datos.
236,train/dragon/0cbf5970-fea7-4940-9043-5fd9d1dd7f3e.jpg,0c29a4e046ef21bf0e031928051860247b0dc7de75ed7cb7d16995017a800903,aceptar_entrenamiento,v3: todos los dragones (train y test) del ZIP; sin filtro de encuadre para ampliar datos.
237,train/dragon/0cc1ef0f-5b7b-4bc3-b335-77683eb964e9.jpg,a148d592f9321fa7952a5e9e94c21983864be967869354be56e5237ba8b6c512,aceptar_entrenamiento,v3: todos los dragones (train y test) del ZIP; sin filtro de encuadre para ampliar datos.
238,train/dragon/0d0d0633-8353-4beb-8df6-6afc856c9d32.jpg,3e36e5a6fa20c0d1e9a9b537ae4242e74ac0d86ac3edf9683f12659749f44d03,aceptar_entrenamiento,v3: todos los dragones (train y test) del ZIP; sin filtro de encuadre para ampliar datos.
239,train/dragon/0d4c29cd-a905-4af4-80c2-0348db7b74ab.jpg,c0cd987a0d606a3bd43473447407428cd9ee632c2e7dbc18cdc15f73bdb384d5,aceptar_entrenamiento,v3: todos los dragones (train y test) del ZIP; sin filtro de encuadre para ampliar datos.
240,train/dragon/0d56640d-d68c-4f9f-9b6d-4de05201cc66.jpg,c02e01dbdf9cd54cc07c34a69e8d00cad3eb47c6afe7d24f42024ec029da7ad2,aceptar_entrenamiento,v3: todos los dragones (train y test) del ZIP; sin filtro de encuadre para ampliar datos.
241,train/dragon/0d6f5b44-c663-4557-81b0-6efda1610a81.jpg,dd8e740d3a7f0fe40e1f99823f1829484b5a5e7d4b4a3bf9c06bf3ef1cf736cb,aceptar_entrenamiento,v3: todos los dragones (train y test) del ZIP; sin filtro de encuadre para ampliar datos.
242,train/dragon/0db5054b-8f4a-4718-8105-b8e60871c1b2.jpg,34c9d563e1b4fccfe567c184983664dc9b7d0c360927907ad4e5a5f501d75b59,aceptar_entrenamiento,v3: todos los dragones (train y test) del ZIP; sin filtro de encuadre para ampliar datos.
243,train/dragon/0e68cf8d-b1b8-4b28-8ec8-1b292da6f98d.jpg,3563afeecdebed02440eea9d29a915bfb8052514fd02903ecc2e314920482aa6,aceptar_entrenamiento,v3: todos los dragones (train y test) del ZIP; sin filtro de encuadre para ampliar datos.
244,train/dragon/0e9167b2-132c-478b-939a-5408cd085ec8.jpg,7ebf344f921586f01d088f5679fb9fec24b32b05b81fc390d17075576ec7b0da,aceptar_entrenamiento,v3: todos los dragones (train y test) del ZIP; sin filtro de encuadre para ampliar datos.
245,train/dragon/0f3c000b-5636-4727-b64d-69ff839dd4f5.jpg,d6244fcec086d82a645374477cc2f5703a27954c2677decedd7f0615fa7ec04d,aceptar_entrenamiento,v3: todos los dragones (train y test) del ZIP; sin filtro de encuadre para ampliar datos.
246,train/dragon/0f5a7815-1837-456c-9991-4aef2e859154.jpg,ff77ba3c7bd94d2638769b89e7a2af4d3149620d98cdbf236a693d81fcf2e9cd,aceptar_entrenamiento,v3: todos los dragones (train y test) del ZIP; sin filtro de encuadre para ampliar datos.
247,train/dragon/0fec3f3f-69e2-4624-abde-29ecc5861d6c.jpg,60349d8d2096827241474754951d641cdc23c510a868c999838864402991c768,aceptar_entrenamiento,v3: todos los dragones (train y test) del ZIP; sin filtro de encuadre para ampliar datos.
248,train/dragon/1187b280-c08e-42cd-a990-ce89310ff400.jpg,7b532b6b4582f7261dd17d3f011c38bd33391747bf5eaefb36cc042c0a6861f7,aceptar_entrenamiento,v3: todos los dragones (train y test) del ZIP; sin filtro de encuadre para ampliar datos.
249,train/dragon/121caf4c-ca6f-44af-a957-6324cad33af5.jpg,2cfdf185ce187a261597498e654416f64eef45b67c6bcfbabf70bb29922acf6d,aceptar_entrenamiento,v3: todos los dragones (train y test) del ZIP; sin filtro de encuadre para ampliar datos.
250,train/dragon/121fa0b2-b442-4e3c-a40c-932fc4a13774.jpg,31de89604a5ddea3d2c1d5997034cedd6e6659efeb41244cfc71d885c7d444a5,aceptar_entrenamiento,v3: todos los dragones (train y test) del ZIP; sin filtro de encuadre para ampliar datos.
251,train/dragon/12293eb1-c20f-4e0e-8af4-423d29ffc1b2.jpg,15510098e9941cc23c9730e24b630e2abf41360a17cd33a64de400797b803cc3,aceptar_entrenamiento,v3: todos los dragones (train y test) del ZIP; sin filtro de encuadre para ampliar datos.
252,train/dragon/123d60c5-d1e8-491e-9d2a-d7cf1155af23.jpg,c1c350dce670523a7bf70cc5dcadc1f5d4fe8536fe2d685aa6f14f88c5848dfa,aceptar_entrenamiento,v3: todos los dragones (train y test) del ZIP; sin filtro de encuadre para ampliar datos.
253,train/dragon/12453c9e-542e-4087-bf4c-0afb3a4bbe1a.jpg,85ccc30b20b56cf88bd3b5947d45a9ef60dc9eab610470c8be20a8b926b56c8a,aceptar_entrenamiento,v3: todos los dragones (train y test) del ZIP; sin filtro de encuadre para ampliar datos.
254,train/dragon/126cf53b-a25e-42af-bd1e-b425582c98c3.jpg,333229c2f6c7e69ba0b9a9414726a28e1d13389602c9adfb23265af956a1fb1f,aceptar_entrenamiento,v3: todos los dragones (train y test) del ZIP; sin filtro de encuadre para ampliar datos.
255,train/dragon/1270222c-3ebe-4b59-99f0-bea6b2d302b0.jpg,5f2d734de7f9aea51e36c09c3bdd6307145ea45084f37e7cb5d2a090d65bde40,aceptar_entrenamiento,v3: todos los dragones (train y test) del ZIP; sin filtro de encuadre para ampliar datos.
256,train/dragon/12b42421-68e1-4a64-b05d-f9620c5c1f71.jpg,70d2d897834295a775ae3c131544c4312da496f4343fe2a79a35a9d9fad9cecf,aceptar_entrenamiento,v3: todos los dragones (train y test) del ZIP; sin filtro de encuadre para ampliar datos.
257,train/dragon/12ee58bf-3d46-4f5b-b319-2e9f4a46f845.jpg,393f340b1c4b36e8e94ea6d51e6f6950b52805149e3e7a132965ba4e598613dc,aceptar_entrenamiento,v3: todos los dragones (train y test) del ZIP; sin filtro de encuadre para ampliar datos.
258,train/dragon/13a1b369-c72c-446e-a01f-db8fa32738d5.jpg,52caf83882d82327c3a938d360d24172f94c29779667b2da4b5f5cca9b9954ea,aceptar_entrenamiento,v3: todos los dragones (train y test) del ZIP; sin filtro de encuadre para ampliar datos.
259,train/dragon/13e0a69c-70e6-48e2-921c-faab4da84123.jpg,9b75255fd77ecb00c0704eec4570576c64ad3cdb45500b410a0433c82c30e96f,aceptar_entrenamiento,v3: todos los dragones (train y test) del ZIP; sin filtro de encuadre para ampliar datos.
260,train/dragon/13f5d8b6-86df-44b4-8180-d0d1334640cd.jpg,f4e74cb3451b04261e6f39b21dcb00856f43425cc278dace545c4ed4d2cc4914,aceptar_entrenamiento,v3: todos los dragones (train y test) del ZIP; sin filtro de encuadre para ampliar datos.
261,train/dragon/14bd5b11-1eaa-4ed5-a230-e294ead14426.jpg,10faa3638b52da740d1c220e2c9bd7ecd1246639ab412fbab84bb6b53ec61076,aceptar_entrenamiento,v3: todos los dragones (train y test) del ZIP; sin filtro de encuadre para ampliar datos.
262,train/dragon/15273d38-d539-49c7-8d8e-6ec5d14a59f2.jpg,19c478728a7e2086deffd169e2b2272553df4bfd219003158550407142fd0ce6,aceptar_entrenamiento,v3: todos los dragones (train y test) del ZIP; sin filtro de encuadre para ampliar datos.
263,train/dragon/15964e57-9caf-4fce-825c-a5117c2dc719.jpg,10d6cc476b75257f3b343726093b607d0e233a86ed71bb859cdcc7ee98a1e29f,aceptar_entrenamiento,v3: todos los dragones (train y test) del ZIP; sin filtro de encuadre para ampliar datos.
264,train/dragon/15e72795-8599-42a1-bc55-2d87818463d3.jpg,4a421219309f43d26897403bcac788ddb60470cee87de30290888b723859da47,aceptar_entrenamiento,v3: todos los dragones (train y test) del ZIP; sin filtro de encuadre para ampliar datos.
265,train/dragon/163aa3db-34df-47c4-b8f4-db8c029a98ba.jpg,565d74fc67ab02be697e8d745902de183c629d6e5855592822b06163638c2c04,aceptar_entrenamiento,v3: todos los dragones (train y test) del ZIP; sin filtro de encuadre para ampliar datos.
266,train/dragon/16e66cf8-357a-485e-a157-e27b1ead1cd8.jpg,6ed3c09c42c93d176bdf362734173913d58309d58b9cf1b1d8ab7369572805b3,aceptar_entrenamiento,v3: todos los dragones (train y test) del ZIP; sin filtro de encuadre para ampliar datos.
267,train/dragon/17547818-f027-4eb0-9be0-abc00280c27b.jpg,4aebd741cb244e6b309ca2b092a9b591713680f93dd2d618deaf429e15c1257d,aceptar_entrenamiento,v3: todos los dragones (train y test) del ZIP; sin filtro de encuadre para ampliar datos.
268,train/dragon/17d31ea2-2fc1-4771-86e4-b660141d5e8c.jpg,04cf67482966f900a7c7b87ebc01b0f08f1efe62c6f99ba4421c76ac282a5d35,aceptar_entrenamiento,v3: todos los dragones (train y test) del ZIP; sin filtro de encuadre para ampliar datos.
269,train/dragon/17f22994-7a2f-4da5-81d9-0f048aee81ac.jpg,988281e2c93db79e44b3783d4c51f7ef7950bf1bfed859c920c7ca4bfde125df,aceptar_entrenamiento,v3: todos los dragones (train y test) del ZIP; sin filtro de encuadre para ampliar datos.
270,train/dragon/1876cc08-268f-43bd-b0d4-2ca3fb0c1913.jpg,05de98d0756ed22efac29a7f87d289db3a07cceeb4165bf219d465cc73c26a17,aceptar_entrenamiento,v3: todos los dragones (train y test) del ZIP; sin filtro de encuadre para ampliar datos.
271,train/dragon/18a7c6c2-aff7-45d3-b69d-41c6887b67fc.jpg,424405ef62c657e1fdcb62a6853c121f1ba1652e0da90bdf4a98bfa2b6b03d78,aceptar_entrenamiento,v3: todos los dragones (train y test) del ZIP; sin filtro de encuadre para ampliar datos.
272,train/dragon/18c2e166-e1b0-4592-88c6-d47e7b2e923e.jpg,89b9c10ac2c5c8c4838e31b0dedb1571df4e5ef153584302ce7c0f390372ab48,aceptar_entrenamiento,v3: todos los dragones (train y test) del ZIP; sin filtro de encuadre para ampliar datos.
273,train/dragon/1906ba80-0f47-4b2e-ab03-f5984eec4db7.jpg,2ddf38b9cb0050d14c127d19c578ff1128803e456496e67efae310bef75b7259,aceptar_entrenamiento,v3: todos los dragones (train y test) del ZIP; sin filtro de encuadre para ampliar datos.
274,train/dragon/1917f26b-ca35-40eb-abd2-a40f3e569e7f.jpg,94130e76a31306ef7ae9bdd2c6b8c53f34c71970b1aec46068349f1b02f344d7,aceptar_entrenamiento,v3: todos los dragones (train y test) del ZIP; sin filtro de encuadre para ampliar datos.
275,train/dragon/19fde71c-4e5b-43eb-ab5d-c7bf60b6f039.jpg,350fe3ad78a318219c642aff903923e0b36dd1c8127facc8478d27a34de6c8a1,aceptar_entrenamiento,v3: todos los dragones (train y test) del ZIP; sin filtro de encuadre para ampliar datos.
276,train/dragon/1a498c64-35f4-4c81-9d10-568d44ffb12b.jpg,3c6d5e1c055383edde49d10af4c1e2166b0f0263f216c7370fc9c3e3ec2cb75d,aceptar_entrenamiento,v3: todos los dragones (train y test) del ZIP; sin filtro de encuadre para ampliar datos.
277,train/dragon/1a67d832-f86a-47cc-bc4c-87e3e3d066eb.jpg,c35fd05184eccb0e8c8a2431d48fa976bb9d18f153de2875970522571f404f73,aceptar_entrenamiento,v3: todos los dragones (train y test) del ZIP; sin filtro de encuadre para ampliar datos.
278,train/dragon/1b923fb9-cdbe-4f52-96b0-72a52dc51f9d.jpg,647b4de5eb221f57edd45fd63ab40d371860910086476a574a3f26ea83ac8c5c,aceptar_entrenamiento,v3: todos los dragones (train y test) del ZIP; sin filtro de encuadre para ampliar datos.
279,train/dragon/1bd20752-a58b-44f7-85d1-0342f52734fa.jpg,81419afcba592a62f3e79f70295bdf1724e0d7246af95cd2fdcff4259cc196f2,aceptar_entrenamiento,v3: todos los dragones (train y test) del ZIP; sin filtro de encuadre para ampliar datos.
280,train/dragon/1c2758d4-53c3-43ad-b1f4-351e1e5f1914.jpg,2af814a27f87e97dcd22b1ccae734a381ed28b1ec69c7d44c67ed5bec2243683,aceptar_entrenamiento,v3: todos los dragones (train y test) del ZIP; sin filtro de encuadre para ampliar datos.
281,train/dragon/1c491265-644e-4a23-92d9-8963a6e5311c.jpg,fb4c3fb0af4b8082aaaf8144db14407471b744347067e202fe4bb59068fd67c3,aceptar_entrenamiento,v3: todos los dragones (train y test) del ZIP; sin filtro de encuadre para ampliar datos.
282,train/dragon/1c6b5c5e-5076-4878-adf3-ea51a3127656.jpg,b9ba15b95886882e5aec38d18042ef6c673020d185e7d9452097df0be3daf1e4,aceptar_entrenamiento,v3: todos los dragones (train y test) del ZIP; sin filtro de encuadre para ampliar datos.
283,train/dragon/1cc52332-2b34-4f4d-b96a-7234d9f04676.jpg,c6afca928522432b5c697a03b71f222863c38bae10a50881d75f673873acde58,aceptar_entrenamiento,v3: todos los dragones (train y test) del ZIP; sin filtro de encuadre para ampliar datos.
284,train/dragon/1ccb87ad-13b8-455e-9070-80d5d3574859.jpg,8cf381fe6970600c5a898058b82869f74fba869577c03c0189d181398a6b2eb2,aceptar_entrenamiento,v3: todos los dragones (train y test) del ZIP; sin filtro de encuadre para ampliar datos.
285,train/dragon/1d1ab878-ed08-486e-99f0-c96e04968d7a.jpg,955fda8511fcb4c9ecbb52877f8bff1cd053ada041256a94d41bcee335fc1113,aceptar_entrenamiento,v3: todos los dragones (train y test) del ZIP; sin filtro de encuadre para ampliar datos.
286,train/dragon/1d2cc00f-740f-42f4-990d-f4299751c69c.jpg,7fb17fb0fe42aa9108c749f9c065bfa1b41bc874153cccef74970263e8b500f9,aceptar_entrenamiento,v3: todos los dragones (train y test) del ZIP; sin filtro de encuadre para ampliar datos.
287,train/dragon/1d40a55a-2ac2-4e53-9a2f-b54f29399d6f.jpg,dd988479475b43c6a671e76917ceebf116ebe22bf12dff67822e722c7176741d,aceptar_entrenamiento,v3: todos los dragones (train y test) del ZIP; sin filtro de encuadre para ampliar datos.
288,train/dragon/1d4c4354-7c88-4e97-8bc8-22e88581881d.jpg,bb2749950618e00cfc1293ac76e0f03277fc3b05993b4cf1be96c06bb878b642,aceptar_entrenamiento,v3: todos los dragones (train y test) del ZIP; sin filtro de encuadre para ampliar datos.
289,train/dragon/1d705fae-e0c1-49da-9a8a-5d9aa1fbe709.jpg,f771ad6edfffcd6a1ae95a2df7c4132263c536fb21f185f5e5d0a76e2e0e7a1a,aceptar_entrenamiento,v3: todos los dragones (train y test) del ZIP; sin filtro de encuadre para ampliar datos.
290,train/dragon/1d9dd903-f4b8-465d-8d33-7f31c29a1b7a.jpg,58580b41de85a99c7ff70daa46c191f99fa52b0c823b014788b925e8461a9ad8,aceptar_entrenamiento,v3: todos los dragones (train y test) del ZIP; sin filtro de encuadre para ampliar datos.
291,train/dragon/1deb8b2a-0922-4c43-bbf8-24be6e87a082.jpg,8313c70ddcb67c18e628f10cf9abb4ba8c878061d113695f2a450de10aa3fa80,aceptar_entrenamiento,v3: todos los dragones (train y test) del ZIP; sin filtro de encuadre para ampliar datos.
292,train/dragon/1e2c8611-dae9-494c-984f-b02e521cac04.jpg,6c3e778b162b411e60341cd1eb663f011c073132202bd5cde2679474e1c7644e,aceptar_entrenamiento,v3: todos los dragones (train y test) del ZIP; sin filtro de encuadre para ampliar datos.
293,train/dragon/1f1f2a1b-e5b3-471a-a1e3-d78f4622a874.jpg,e90cc2705c97cb9cee34e5cc52d6f65e1e154d795c0174b939a513f0a3c47b1b,aceptar_entrenamiento,v3: todos los dragones (train y test) del ZIP; sin filtro de encuadre para ampliar datos.
294,train/dragon/1f71e2b3-81b8-478e-8717-181215c5980f.jpg,449bd03d9291f9ab8003fefa673b918bf7ca3eee981ebb285d4ba26d60d4fe61,aceptar_entrenamiento,v3: todos los dragones (train y test) del ZIP; sin filtro de encuadre para ampliar datos.
295,train/dragon/2042b9c4-a0e2-4f4f-9468-160dbaccd23d.jpg,494a948d16f88e71a0589fe4529b010abee813009f84a288b3cf8edf29311afc,aceptar_entrenamiento,v3: todos los dragones (train y test) del ZIP; sin filtro de encuadre para ampliar datos.
296,train/dragon/2059d1d4-1a05-4d73-bcb3-1706e9934621.jpg,c1e44ff4f26230320d15541d5395140ce0cc57d317668ed1cb5a246ee499d81e,aceptar_entrenamiento,v3: todos los dragones (train y test) del ZIP; sin filtro de encuadre para ampliar datos.
297,train/dragon/208523a9-9ff4-475b-b69e-86d2ad2e3108.jpg,d74e6105c42e075c810bbe8af6e72bd69417b9f5b79e2b41d897d455ab33c354,aceptar_entrenamiento,v3: todos los dragones (train y test) del ZIP; sin filtro de encuadre para ampliar datos.
298,train/dragon/20eb3e5d-bd7a-4ce5-b43d-72ddbcc2fc37.jpg,91a9fd0e112ddc896b7ed37ef84ff64bacc4fc2529b717126fceec8aa958f7b1,aceptar_entrenamiento,v3: todos los dragones (train y test) del ZIP; sin filtro de encuadre para ampliar datos.
299,train/dragon/20f948ea-a7fe-499f-878c-6db14796e7d0.jpg,6d17801a956edff18941d38073689a019b9c22c14e2dbe8accc63cde1ef67fb3,aceptar_entrenamiento,v3: todos los dragones (train y test) del ZIP; sin filtro de encuadre para ampliar datos.
300,train/dragon/20faefdc-64e6-4cf6-a5e6-f325c3e2fa94.jpg,629e579f4cec2104424fc89d7bf2755bda5f51e3efec06ba893f233b2d70171a,aceptar_entrenamiento,v3: todos los dragones (train y test) del ZIP; sin filtro de encuadre para ampliar datos.
301,train/dragon/222e0c82-0731-4cdc-ae79-49419d2f1c30.jpg,333670f02a835307e70021bd7947ee217e08d140364db4913e0306e9527fabbc,aceptar_entrenamiento,v3: todos los dragones (train y test) del ZIP; sin filtro de encuadre para ampliar datos.
302,train/dragon/226b8730-4b8d-4208-b71f-4ed1f9ceffa6.jpg,59d8594506c267bd9093147a340e113bd84c4f26900a446cb72efcea66702518,aceptar_entrenamiento,v3: todos los dragones (train y test) del ZIP; sin filtro de encuadre para ampliar datos.
303,train/dragon/22b3caa6-cb44-40c8-939c-98c5e1fd26c2.jpg,a56e267a7650fbf60b6bc484a3261227294173ef4a05f269cc2705d701a38e5c,aceptar_entrenamiento,v3: todos los dragones (train y test) del ZIP; sin filtro de encuadre para ampliar datos.
304,train/dragon/22c69197-422e-42b3-aeae-92f9e61e9286.jpg,b8abf334e1abc8ca54be0e080c9e261289d48b46d3529b2461b9b023247898e2,aceptar_entrenamiento,v3: todos los dragones (train y test) del ZIP; sin filtro de encuadre para ampliar datos.
305,train/dragon/22facf31-bb68-4fcc-9fe4-a8d3af6d5f4d.jpg,d99532282aa485a7e2c34dd05a57d4cef1f1f5e1b8a32200cc2ad80073b2a010,aceptar_entrenamiento,v3: todos los dragones (train y test) del ZIP; sin filtro de encuadre para ampliar datos.
306,train/dragon/23065bd6-4f7d-4841-a2a9-f18392202d0c.jpg,6c2bb78169d3e5f4c506800e0bf20f8f6fb0aba68263d9fbc54560fb70d735a8,aceptar_entrenamiento,v3: todos los dragones (train y test) del ZIP; sin filtro de encuadre para ampliar datos.
307,train/dragon/23252da7-d19e-48c9-8fb7-bf42d9e19c62.jpg,9903ff3e6939875cbc060251a82c2f886ceb47f409b5a3b93b649bd1317cc107,aceptar_entrenamiento,v3: todos los dragones (train y test) del ZIP; sin filtro de encuadre para ampliar datos.
308,train/dragon/236cdf00-8e01-4341-be99-2c1d8c568082.jpg,0c4d5e6bdf7ddad62a49b3e8fb59c0ab125b5ceb5864c4e70c3b281cd7a7d879,aceptar_entrenamiento,v3: todos los dragones (train y test) del ZIP; sin filtro de encuadre para ampliar datos.
309,train/dragon/246a4039-9a93-4f7f-91e1-2af41a0f5b97.jpg,78c611ca6149f6663a52e75fc8138ccda63ebbd9f4d550092c8d07afecab93a3,aceptar_entrenamiento,v3: todos los dragones (train y test) del ZIP; sin filtro de encuadre para ampliar datos.
310,train/dragon/24a10472-2734-4983-a41d-8fa24f656e21.jpg,c95dd8b9a2f2225c470bc399f091027f2301f2b34e2ae2f795dc0b887bc89502,aceptar_entrenamiento,v3: todos los dragones (train y test) del ZIP; sin filtro de encuadre para ampliar datos.
311,train/dragon/24a4b285-8aba-4382-bec5-b3e313c31150.jpg,3170faa5904297bc0720a8dc91d73b1210714d34ff79e4b27c46527287657b74,aceptar_entrenamiento,v3: todos los dragones (train y test) del ZIP; sin filtro de encuadre para ampliar datos.
312,train/dragon/24cf8e0e-9745-498d-a334-7746b1b7b08c.jpg,af5ae5f53e901ce4f0a0a1577dd902403012b98e4814a9df70a40e640e8adb91,aceptar_entrenamiento,v3: todos los dragones (train y test) del ZIP; sin filtro de encuadre para ampliar datos.
313,train/dragon/254a4568-0111-4509-a32b-df6d33fc5c53.jpg,ba4c0ff9c17907e125d1153a816e6c143be2d3bf9ecf3d0a37bcf67876718349,aceptar_entrenamiento,v3: todos los dragones (train y test) del ZIP; sin filtro de encuadre para ampliar datos.
314,train/dragon/257d7d56-3bda-4a89-a51b-c5c8b4daca10.jpg,593567889bc76fbc3ab03b229490fd4058726f725901c2cb0fa3161a28d4d8bd,aceptar_entrenamiento,v3: todos los dragones (train y test) del ZIP; sin filtro de encuadre para ampliar datos.
315,train/dragon/26e5efc6-3c60-485b-8d72-8c0f12ba7096.jpg,e0128f0c66976c06e3f93d5f51d6907a65fdf4caacbb71761d39d00dc8f08ebb,aceptar_entrenamiento,v3: todos los dragones (train y test) del ZIP; sin filtro de encuadre para ampliar datos.
316,train/dragon/26f94765-1c57-4ee0-9e77-bef827b6b94f.jpg,62e8e7303bc8642ba6add7486d38bda5d9a80e0f9d6e1965b86e3d6ec17b44b3,aceptar_entrenamiento,v3: todos los dragones (train y test) del ZIP; sin filtro de encuadre para ampliar datos.
317,train/dragon/272cde5d-ae2f-443b-a537-6915d380eeed.jpg,3dd16125ce06b5ed0b3dfbe73f6344068e7ee60e4f266be13a53faccdd20e164,aceptar_entrenamiento,v3: todos los dragones (train y test) del ZIP; sin filtro de encuadre para ampliar datos.
318,train/dragon/2755e7c0-13ee-4216-9b19-93ce723f2bf6.jpg,9fca2279f3e4a8837c1c15440a22ef9ce6446e657ab8bfc00416e6f915a62f38,aceptar_entrenamiento,v3: todos los dragones (train y test) del ZIP; sin filtro de encuadre para ampliar datos.
319,train/dragon/27942a90-7e6c-4b68-b62b-428c98b9fa76.jpg,f9e21870b802b46b612de58ba54b4a3e00bbf705a7ba55d956cf0479f8456d5f,aceptar_entrenamiento,v3: todos los dragones (train y test) del ZIP; sin filtro de encuadre para ampliar datos.
320,train/dragon/279c2499-e23c-4ef2-97ee-22d1cb24a4a3.jpg,3bb2466c496b5a0dff76cfc0b1af0e5a9383ccec26786c151e92ad14c55b1c78,aceptar_entrenamiento,v3: todos los dragones (train y test) del ZIP; sin filtro de encuadre para ampliar datos.
321,train/dragon/27c73759-a8e3-455a-b390-6e762b1457ff.jpg,1c61ae1a34639f98ba4159213cdd644c858a82fc8f14a273fa82ba90005c806c,aceptar_entrenamiento,v3: todos los dragones (train y test) del ZIP; sin filtro de encuadre para ampliar datos.
322,train/dragon/28209e97-7f14-40ba-9bae-06a61310a876.jpg,48a33f25f937a780db61ee367e35413ca7ca89361a1d1ef30a3230fbdd03e78f,aceptar_entrenamiento,v3: todos los dragones (train y test) del ZIP; sin filtro de encuadre para ampliar datos.
323,train/dragon/284c0e2f-f8e1-4552-a0d1-73a06f99f5b1.jpg,ffc887368bd6414b4beb45044c9997633522bcca1bdacb65099df18a3f3a8fa4,aceptar_entrenamiento,v3: todos los dragones (train y test) del ZIP; sin filtro de encuadre para ampliar datos.
324,train/dragon/2907b98b-cd96-466f-8186-e338ef1f0fcf.jpg,10090624ad14bf87e856c6989f5c0679d239c019820b0be228d41d52befd25d1,aceptar_entrenamiento,v3: todos los dragones (train y test) del ZIP; sin filtro de encuadre para ampliar datos.
325,train/dragon/2973dfff-b6de-431f-8fb8-91e75a0511b9.jpg,b42952c0026e6bc0b4e7149173b8470bf3c495cb313771fbe7ff8a130c9faaea,aceptar_entrenamiento,v3: todos los dragones (train y test) del ZIP; sin filtro de encuadre para ampliar datos.
326,train/dragon/29db4a6d-c913-40b4-a7a6-256f43aec486.jpg,c33075c899296679b8a4696952e56527ed934a92ef1e13a71304c7274b601fdc,aceptar_entrenamiento,v3: todos los dragones (train y test) del ZIP; sin filtro de encuadre para ampliar datos.
327,train/dragon/2a2143ef-349f-4430-afcc-c221f0d29b63.jpg,b7c8783de26c1f7b1721b27826ee4245f325ec2740aab8a80e11b896e1d93613,aceptar_entrenamiento,v3: todos los dragones (train y test) del ZIP; sin filtro de encuadre para ampliar datos.
328,train/dragon/2a72d6f6-b2a7-447c-8977-0ccfc62eba0c.jpg,9f6f283a11484f56c236a691939062bd68362c8399806ceae3545a4a1c4f0d40,aceptar_entrenamiento,v3: todos los dragones (train y test) del ZIP; sin filtro de encuadre para ampliar datos.
329,train/dragon/2a98eed7-b9e4-43d0-bc3f-512e37f6fa50.jpg,33663e793b8ac29fa1dfc6a9a3909fa77d33334a1a23b8753f9a5bc276b8c5d3,aceptar_entrenamiento,v3: todos los dragones (train y test) del ZIP; sin filtro de encuadre para ampliar datos.
330,train/dragon/2ababae4-d361-4117-826d-79067fe062e3.jpg,4c0a9060f5e4c9d4f59fccc044db49cb2f9a5d02d6f923daff226245b5eac9a8,aceptar_entrenamiento,v3: todos los dragones (train y test) del ZIP; sin filtro de encuadre para ampliar datos.
331,train/dragon/2b8d939b-ff9d-4f9d-87b4-1e533257136a.jpg,ab2f75a3cd711c39746c24f42edc7d0d8c99f6515a57ddef30c6c3189b19a060,aceptar_entrenamiento,v3: todos los dragones (train y test) del ZIP; sin filtro de encuadre para ampliar datos.
332,train/dragon/2c03e169-ebbc-452d-82c4-662a13aa5023.jpg,7b60a96364649150809153955ba9899e52e3c8dd6c67c72ac866d9f84e5192cb,aceptar_entrenamiento,v3: todos los dragones (train y test) del ZIP; sin filtro de encuadre para ampliar datos.
333,train/dragon/2c6d64c2-1dfb-49f2-af63-fcf995befbcc.jpg,93e80f264f7b1cb2ebcd5e6c56a7715d5bd268bc3f08d8eae2128de67b2c3dcb,aceptar_entrenamiento,v3: todos los dragones (train y test) del ZIP; sin filtro de encuadre para ampliar datos.
334,train/dragon/2cc650ae-b5e0-4a23-81f7-6639a837b722.jpg,5e5b8f2b302730016a4a17d9f469f6a122a5cf7c47f91520c9c253114de2f7c2,aceptar_entrenamiento,v3: todos los dragones (train y test) del ZIP; sin filtro de encuadre para ampliar datos.
335,train/dragon/2d5dfe60-e9a5-4a6c-bd6c-12f3f742511b.jpg,0cd827bdf0069559da572e8078e52fc608181385d332ce138c22af8bc04bad29,aceptar_entrenamiento,v3: todos los dragones (train y test) del ZIP; sin filtro de encuadre para ampliar datos.
336,train/dragon/2e059e4d-2bc0-4399-8d59-993c800a0514.jpg,127e4937bcc1a158d61db4649ec1d20f71b189897ea001b0bc6a61669e3f6c20,aceptar_entrenamiento,v3: todos los dragones (train y test) del ZIP; sin filtro de encuadre para ampliar datos.
337,train/dragon/2e3f361c-759e-4f12-8de7-78b5165df3ab.jpg,e7a2a952165952446e255861d675078035b57b1a99c0a16377f664269523386c,aceptar_entrenamiento,v3: todos los dragones (train y test) del ZIP; sin filtro de encuadre para ampliar datos.
338,train/dragon/2edf4436-48a5-456d-9ad1-83b17c8d92a0.jpg,17991bec6deecf93cd560b7fbccaae1dd0fbe2fc2852ce32868d3cb535d472ab,aceptar_entrenamiento,v3: todos los dragones (train y test) del ZIP; sin filtro de encuadre para ampliar datos.
339,train/dragon/2f01513c-db45-4749-9f40-43a7275d368c.jpg,cb024ec1de06aad12a6fbe26c7443043ba13b82bcda85d0f1bd0fcea67ea91bd,aceptar_entrenamiento,v3: todos los dragones (train y test) del ZIP; sin filtro de encuadre para ampliar datos.
340,train/dragon/2feef211-5525-4f5c-9c30-17f6607e7e35.jpg,889e55069367c55e46f0f3a6a7fcd11b6aae82ff88ab96a4ac93f8fc40972f70,aceptar_entrenamiento,v3: todos los dragones (train y test) del ZIP; sin filtro de encuadre para ampliar datos.
341,train/dragon/3099490b-49fd-4c6d-9626-2b2f2e583713.jpg,15cb02cb3056476eb0ffeb52bcff97fcb2ea2ca334c2e9efc1536469a6a5564c,aceptar_entrenamiento,v3: todos los dragones (train y test) del ZIP; sin filtro de encuadre para ampliar datos.
342,train/dragon/322147bf-238e-4c6b-a33b-0ecedd0e8068.jpg,14d681a938fcd15183a17b9eeb78ef7629e962573be79f87efc9082815e081b6,aceptar_entrenamiento,v3: todos los dragones (train y test) del ZIP; sin filtro de encuadre para ampliar datos.
343,train/dragon/32e82da7-fee7-457c-ade1-93dd6e5b4dce.jpg,2fe4a7dd73552825c1f781e5d510e44d3995f22164a4657033d9272eb09cb0dd,aceptar_entrenamiento,v3: todos los dragones (train y test) del ZIP; sin filtro de encuadre para ampliar datos.
344,train/dragon/33196a4a-c0d8-4ac3-ba43-1014f508af4f.jpg,9250cbebd23e6a5712e9d9f2f602a814ab3266a41d7170e5b09cbef6c1eca6ba,aceptar_entrenamiento,v3: todos los dragones (train y test) del ZIP; sin filtro de encuadre para ampliar datos.
345,train/dragon/3342647b-2a9f-44b4-9aeb-7515d1cc4e77.jpg,e29c197235e1734c70d921331880d20e644b9365a8f35e99bcefec555074d09a,aceptar_entrenamiento,v3: todos los dragones (train y test) del ZIP; sin filtro de encuadre para ampliar datos.
346,train/dragon/33680964-5bb5-4b0d-977e-3c4d58b20752.jpg,072d81ffb200e3a6740baab8ff29db6637b342aeadfe4b033d0a30edeb309d5a,aceptar_entrenamiento,v3: todos los dragones (train y test) del ZIP; sin filtro de encuadre para ampliar datos.
347,train/dragon/3385da69-687e-4083-b5e5-c6e82f18188d.jpg,92c996f732769ff020ab6a0ef6f499b96d5276f317c1ef0605125b1b280b4a61,aceptar_entrenamiento,v3: todos los dragones (train y test) del ZIP; sin filtro de encuadre para ampliar datos.
348,train/dragon/33a7b599-e909-4613-b0c1-e9c3d1d7c8b6.jpg,8a762e16fec5a2bdc327b64fc9c5698202165b7c5425e211878eec411b84b921,aceptar_entrenamiento,v3: todos los dragones (train y test) del ZIP; sin filtro de encuadre para ampliar datos.
349,train/dragon/33a99b22-ce62-477a-99ed-b7423215d466.jpg,0032fc860759dab1b33fe6157949ae67faf43a6144df27167646eeb8c1283f6a,aceptar_entrenamiento,v3: todos los dragones (train y test) del ZIP; sin filtro de encuadre para ampliar datos.
350,train/dragon/33d7fdf4-fe3c-430e-8968-0492f67d80c8.jpg,167d8a721a40d6483a2a6f464dc45cec99e2b461d6fc7f25caf478265aad8ddb,aceptar_entrenamiento,v3: todos los dragones (train y test) del ZIP; sin filtro de encuadre para ampliar datos.
351,train/dragon/34251bf6-9e1f-434d-8e29-3726525ccff4.jpg,82a028e29dccb027d322a32cadd15ba608797e0318364071762319206d0691f0,aceptar_entrenamiento,v3: todos los dragones (train y test) del ZIP; sin filtro de encuadre para ampliar datos.
352,train/dragon/346fc4c7-f53a-4bf6-87d8-faafa4639474.jpg,7e241fd5137e26722158d0bee1c1c56d5390d9c44fa6d50c44c5350965d2e09e,aceptar_entrenamiento,v3: todos los dragones (train y test) del ZIP; sin filtro de encuadre para ampliar datos.
353,train/dragon/35cd733b-1868-4c0e-a369-cb4327a1facb.jpg,579e0c44913e344b56bb720e2c8d60a0647765b8da1ddcb2e804480f4df9d417,aceptar_entrenamiento,v3: todos los dragones (train y test) del ZIP; sin filtro de encuadre para ampliar datos.
354,train/dragon/3608dc8b-7587-4e38-b108-a18d767b840d.jpg,ddea3a24f465e743cc15558b03230c7375e8740fb11efbeb21aacce19bad106d,aceptar_entrenamiento,v3: todos los dragones (train y test) del ZIP; sin filtro de encuadre para ampliar datos.
355,train/dragon/360fa8c0-a472-48c8-b0d5-3c78c8e4ba2c.jpg,5dd9ae91076f840dbca35815cfeb99ae175696535d2fd747bd88e5ce16168d2b,aceptar_entrenamiento,v3: todos los dragones (train y test) del ZIP; sin filtro de encuadre para ampliar datos.
356,train/dragon/3617ed1b-eee0-4e9e-9d14-5eb7dc5e8759.jpg,3948ffb810cf83237bc0688c95976d9bed08d5881ad29ba40501fa07bd6b18f0,aceptar_entrenamiento,v3: todos los dragones (train y test) del ZIP; sin filtro de encuadre para ampliar datos.
357,train/dragon/3642aedf-9ef7-42a9-9e13-e74fba4fe904.jpg,7fa7d7a48e35ad123bb27ab92ffac69491bbc67a2598f32415445f83bc237217,aceptar_entrenamiento,v3: todos los dragones (train y test) del ZIP; sin filtro de encuadre para ampliar datos.
358,train/dragon/36f0397f-0b6e-45a8-bb2a-8c7dce95f08a.jpg,4ee507e3111f1bf77f1f6b7b6e7e6c469355f9d71d38df04a930013b739c8da1,aceptar_entrenamiento,v3: todos los dragones (train y test) del ZIP; sin filtro de encuadre para ampliar datos.
359,train/dragon/3701605c-8e74-4706-a136-345253eb04d0.jpg,f2f80d117013f8273cb3a28488c1a113bf7fa052f0a9fcdbbf89c8b1685337ff,aceptar_entrenamiento,v3: todos los dragones (train y test) del ZIP; sin filtro de encuadre para ampliar datos.
360,train/dragon/3707ca87-d614-4a0b-b0bf-a50847cbf988.jpg,d5854949906786a5759885d498e0516a62f144edf3ebd9982b5b779be5984097,aceptar_entrenamiento,v3: todos los dragones (train y test) del ZIP; sin filtro de encuadre para ampliar datos.
361,train/dragon/3791d1e3-05c7-4add-b978-770cc503e21c.jpg,d7cac24bb6a729b08b7b35f0cfadaa3e221f03db74f7ab4809335cf87dd1a410,aceptar_entrenamiento,v3: todos los dragones (train y test) del ZIP; sin filtro de encuadre para ampliar datos.
362,train/dragon/379a1cfd-4a6a-4fc1-8779-164f8e4be108.jpg,e113c66ade28079d789abc7818bcb91c56c8c21299c816f697aed6a15963c57a,aceptar_entrenamiento,v3: todos los dragones (train y test) del ZIP; sin filtro de encuadre para ampliar datos.
363,train/dragon/37c2a76d-ba9e-48e7-a873-6b4cb433b72c.jpg,551aa5b917d58d07e53deaa60da38b2c56bbfeb4875a8e4167e8007ca3b25e73,aceptar_entrenamiento,v3: todos los dragones (train y test) del ZIP; sin filtro de encuadre para ampliar datos.
364,train/dragon/38153588-8efd-490c-bf8f-776936185693.jpg,2974d69e02dcdad0abf1941b495176e4a729e896c64f5506112721dd9528098c,aceptar_entrenamiento,v3: todos los dragones (train y test) del ZIP; sin filtro de encuadre para ampliar datos.
365,train/dragon/38158c09-3c0a-4cf6-b38d-d68820c24161.jpg,8308baa8ffdfaf1f269be5d164335f6d47f75568a0ca5570f5d966fb50787aed,aceptar_entrenamiento,v3: todos los dragones (train y test) del ZIP; sin filtro de encuadre para ampliar datos.
366,train/dragon/389fd1c5-dddf-45a2-b809-7c62194ba6f6.jpg,fd4cdaf367bb62b88301cfb70a829172944f0b44cee4af106d431367ad09f21e,aceptar_entrenamiento,v3: todos los dragones (train y test) del ZIP; sin filtro de encuadre para ampliar datos.
367,train/dragon/38b87f03-d460-497e-a4fd-6b7ea5c0f6e9.jpg,f114b86fb877424d7abfb98c618d9e2646781dbf00c510d27c03ab41e9d69239,aceptar_entrenamiento,v3: todos los dragones (train y test) del ZIP; sin filtro de encuadre para ampliar datos.
368,train/dragon/38ce06d6-1b35-41dd-83fc-53d93cfc1b32.jpg,1b11fc6dd5b931da2175a6c50e3bf9894a0c8107cd71d86d7a81cc1aecf4b713,aceptar_entrenamiento,v3: todos los dragones (train y test) del ZIP; sin filtro de encuadre para ampliar datos.
369,train/dragon/39137e40-4df7-43c9-ac2b-11f444ad9563.jpg,2949d619351ac52bcd3a2b49fc33ba2d9770c4f61cfcf9c2dbf05654e0a2bb2d,aceptar_entrenamiento,v3: todos los dragones (train y test) del ZIP; sin filtro de encuadre para ampliar datos.
370,train/dragon/3941c6dc-a95a-49ba-9b71-8a86789c290f.jpg,290b13f9ce96871af76b2fb1770edf9dcf24bd3dbc451240cedb7cb274d797d2,aceptar_entrenamiento,v3: todos los dragones (train y test) del ZIP; sin filtro de encuadre para ampliar datos.
371,train/dragon/39584eb8-43f3-44bb-8187-4ca6b47b7c22.jpg,680e3b75db699b8fdfb89f8e8cdd2582676d5884cb0ae411ff497810ed93be5e,aceptar_entrenamiento,v3: todos los dragones (train y test) del ZIP; sin filtro de encuadre para ampliar datos.
372,train/dragon/397427bf-a41a-4d57-a208-72d9b247bf81.jpg,1c9ff020235c301c09821e19957b63724427d6447f5cd8e83a5ba65fb6985f83,aceptar_entrenamiento,v3: todos los dragones (train y test) del ZIP; sin filtro de encuadre para ampliar datos.
373,train/dragon/39e5bb40-dfea-4e01-a395-c801be974bdc.jpg,5fe25f5139a48dc22f5f55420ba83fc9c7ceee152559ce496bc3c47552c3be5a,aceptar_entrenamiento,v3: todos los dragones (train y test) del ZIP; sin filtro de encuadre para ampliar datos.
374,train/dragon/39ffd66c-3c37-4b6c-9216-f8540a25ff73.jpg,fb4abaae933a0be3382ae48736674f064f0b320806651aedb00fb985d5bc964d,aceptar_entrenamiento,v3: todos los dragones (train y test) del ZIP; sin filtro de encuadre para ampliar datos.
375,train/dragon/3a05881e-8a9c-4f61-b337-06e5ee2f3097.jpg,63be87c13b798d3c8d7caa16d46830194203f0539b47199c94a6436da29d3147,aceptar_entrenamiento,v3: todos los dragones (train y test) del ZIP; sin filtro de encuadre para ampliar datos.
376,train/dragon/3a2b1438-a8bc-41f2-a0d4-43f4129161e9.jpg,242682cdea40c02b01a6f3f6e2fc330f0d24695aab29c7bac13cc8bea70b7c28,aceptar_entrenamiento,v3: todos los dragones (train y test) del ZIP; sin filtro de encuadre para ampliar datos.
377,train/dragon/3a8bf055-784e-410e-ace9-1ad329066a81.jpg,3d32417bf016bdcd894d198366998577ffe36de6d00f1a02563fefe3c7ac0ff5,aceptar_entrenamiento,v3: todos los dragones (train y test) del ZIP; sin filtro de encuadre para ampliar datos.
378,train/dragon/3b301741-f9a8-4c75-b3ca-8d2f7f7c5226.jpg,7a489dfd67d34ad7088936324c935f39be8c829c1d70a010339b80ca36ed93cb,aceptar_entrenamiento,v3: todos los dragones (train y test) del ZIP; sin filtro de encuadre para ampliar datos.
379,train/dragon/3b541878-ae93-40b9-9910-41d9b371324e.jpg,e2393a72e4e24321587ec5a58260c3b4fa195ac98e9557a8fc151ce2ea774a56,aceptar_entrenamiento,v3: todos los dragones (train y test) del ZIP; sin filtro de encuadre para ampliar datos.
380,train/dragon/3be0728d-9c4e-4c5d-bb0b-bae863f149ef.jpg,aa44f3d0804fbaa385a56411d6863e80574775b99c9a062b89fb43f82a5099f9,aceptar_entrenamiento,v3: todos los dragones (train y test) del ZIP; sin filtro de encuadre para ampliar datos.
381,train/dragon/3bef750f-85b8-4541-ad8e-60ea7d9a1db1.jpg,4c4f969c327474bc9e129fffdf219254193b5a1997455742cf9d8ad8849e79c5,aceptar_entrenamiento,v3: todos los dragones (train y test) del ZIP; sin filtro de encuadre para ampliar datos.
382,train/dragon/3c1c6b54-b904-4127-8ad3-328c69fd6432.jpg,3b390c227867ff0522c8eef49559dcaf7f3ffdfd31e7047a4263ffed21e7ea50,aceptar_entrenamiento,v3: todos los dragones (train y test) del ZIP; sin filtro de encuadre para ampliar datos.
383,train/dragon/3c3221b9-e3d5-4dcc-97f8-8404c8891808.jpg,3ef9bdf54ad0df74267d8a6215214603a5fd203ec0451e2f219092c30f1b5380,aceptar_entrenamiento,v3: todos los dragones (train y test) del ZIP; sin filtro de encuadre para ampliar datos.
384,train/dragon/3c4d7890-d01b-49cc-bb72-7c1f4bc21ea3.jpg,5ea1dc19d054c11cd54825ff1ca135068d9a36111d59527d790f7e7e21caed7d,aceptar_entrenamiento,v3: todos los dragones (train y test) del ZIP; sin filtro de encuadre para ampliar datos.
385,train/dragon/3d26824a-3dc8-4d64-ab49-7f4d1ef74024.jpg,375d54d9f60ecbbe8a969e36f2afa7ed3da97fd1861b7a3685b8ff498b3d1b36,aceptar_entrenamiento,v3: todos los dragones (train y test) del ZIP; sin filtro de encuadre para ampliar datos.
386,train/dragon/3d2c27f6-bd5a-4029-9be3-4d33001d7938.jpg,0d8d8eb5d560126febbd303e64fa14da24e4ec998b84bee21be34b70f03be4f0,aceptar_entrenamiento,v3: todos los dragones (train y test) del ZIP; sin filtro de encuadre para ampliar datos.
387,train/dragon/3d3e302b-2f7f-4701-a858-1abc9cbdb2f7.jpg,490f5c622b01e26b04ed83bf988c2088dc6f0b52da0994941b243a34f598bfc7,aceptar_entrenamiento,v3: todos los dragones (train y test) del ZIP; sin filtro de encuadre para ampliar datos.
388,train/dragon/3e71290f-b754-4f1f-881e-b437bdac9693.jpg,3e39cc491b041efba1e137bd9667b14e9d3459999b9987eaa321eaf98d790881,aceptar_entrenamiento,v3: todos los dragones (train y test) del ZIP; sin filtro de encuadre para ampliar datos.
389,train/dragon/3e74f0ba-24cf-4a33-9181-4b57751aaf2e.jpg,3cd1d0132475c9b7cd47b3607451e241323fa180e0c68f698eef880a9e2d065f,aceptar_entrenamiento,v3: todos los dragones (train y test) del ZIP; sin filtro de encuadre para ampliar datos.
390,train/dragon/3e8a10ce-0d85-4a69-af2a-6f57e73ae070.jpg,4a6e320cf457b5ea1de812925c128504852c38c60cec1af318541a3da803c79b,aceptar_entrenamiento,v3: todos los dragones (train y test) del ZIP; sin filtro de encuadre para ampliar datos.
391,train/dragon/3e985fb9-a803-47f8-9508-6304e8c9ee16.jpg,8d7def7ad93b7455a81896d47a37d697f115549b5d2acbb3b66463f597925a80,aceptar_entrenamiento,v3: todos los dragones (train y test) del ZIP; sin filtro de encuadre para ampliar datos.
392,train/dragon/3edfbf0c-6b14-4dfc-a034-f6fdfa86dab6.jpg,1eff0a9e3214ff9a028345cbb25fbb371ea3db275ef03052cbc013fc48d48dfc,aceptar_entrenamiento,v3: todos los dragones (train y test) del ZIP; sin filtro de encuadre para ampliar datos.
393,train/dragon/3f396450-ded4-4a53-b3be-5b18cea5bdde.jpg,2342194af119ff99ee0eacf24588fc15d533d01081d0511b4b741e83093a942b,aceptar_entrenamiento,v3: todos los dragones (train y test) del ZIP; sin filtro de encuadre para ampliar datos.
394,train/dragon/3f5207bc-4f99-4018-a814-81531b8ed737.jpg,a1e1eb3da2232fb3a0a59c51e22b9aa7524f95f858a4eb6220c2236ae984945c,aceptar_entrenamiento,v3: todos los dragones (train y test) del ZIP; sin filtro de encuadre para ampliar datos.
395,train/dragon/3fab7082-fa3b-468b-86f6-51da0ff5c8d0.jpg,0adf7178082a0bc3c2883f07a732ceaf59eee7045a045233fc96157f5b6059c3,aceptar_entrenamiento,v3: todos los dragones (train y test) del ZIP; sin filtro de encuadre para ampliar datos.
396,train/dragon/3fc90d95-e05c-4344-b649-655915c7765d.jpg,e07becfe8c6cce65867727f1336d7ba6f3b12dbaddfaa4c51a4508fb22e29ddf,aceptar_entrenamiento,v3: todos los dragones (train y test) del ZIP; sin filtro de encuadre para ampliar datos.
397,train/dragon/40b8c799-4a9c-4a4a-88d5-f50943d2027a.jpg,d646b60f9030c190a214adf707b03b2a3d189344c3956255800fb43ac1c1b37e,aceptar_entrenamiento,v3: todos los dragones (train y test) del ZIP; sin filtro de encuadre para ampliar datos.
398,train/dragon/40e576af-0491-4ac2-99d2-c194870bdb86.jpg,3a0aed9d3aa52fddf3313b7ffc095eb40f1a49386e6542df70db7b8874b1972a,aceptar_entrenamiento,v3: todos los dragones (train y test) del ZIP; sin filtro de encuadre para ampliar datos.
399,train/dragon/4165042f-7a45-4a65-a83b-21fe55fc3934.jpg,2fac12aa0774cde681bae8d814dc0a761c60a9ed1e7f155be4185530a2c953ee,aceptar_entrenamiento,v3: todos los dragones (train y test) del ZIP; sin filtro de encuadre para ampliar datos.
400,train/dragon/41b8add4-a009-4546-a8b0-ae113ef838c3.jpg,28ec818e892a457b0868f60809d1d15ef180b7c6b68fd3d01d828e636a263ecf,aceptar_entrenamiento,v3: todos los dragones (train y test) del ZIP; sin filtro de encuadre para ampliar datos.
401,train/dragon/4271ffd5-6717-43ff-ba86-8aac57727fd9.jpg,0aed20ca78271dab43ca69bbb5fe433d3cdeec860d6cd0f8c2690432e8156264,aceptar_entrenamiento,v3: todos los dragones (train y test) del ZIP; sin filtro de encuadre para ampliar datos.
402,train/dragon/42cacf7a-c6fa-44a6-b8dc-df2ace21171c.jpg,1c25ce76b7a658e3d2009dc088cfe74f504b34b341556ac97844c8a53963b090,aceptar_entrenamiento,v3: todos los dragones (train y test) del ZIP; sin filtro de encuadre para ampliar datos.
403,train/dragon/431d8544-ed59-4dcb-8acb-c0d8ca6ba1bf.jpg,ab4667555aaa090b9c45a7c877679e7bfc97b7f750f0fc36a0e58ffcd551fcb4,aceptar_entrenamiento,v3: todos los dragones (train y test) del ZIP; sin filtro de encuadre para ampliar datos.
404,train/dragon/43200923-52d3-4d72-805a-8248f6fe6f44.jpg,e96a2e0cc01a86aa7b19dad1cea67acd6d0ca1cf5f703238d177c0e3c20d377e,aceptar_entrenamiento,v3: todos los dragones (train y test) del ZIP; sin filtro de encuadre para ampliar datos.
405,train/dragon/439dfba0-c0d5-4b49-b6be-5d73b7e0a547.jpg,c4e16ec191d32a1c3164dd09f445c4bc9e4e623522fb51a2334854adf0a4c4b8,aceptar_entrenamiento,v3: todos los dragones (train y test) del ZIP; sin filtro de encuadre para ampliar datos.
406,train/dragon/43b911d5-fa0a-4e06-8b6d-cde6baa013a4.jpg,1c3b98fa06518a728203a409a22fe05801482432dd0db54c2ffc8a5add1e4f6f,aceptar_entrenamiento,v3: todos los dragones (train y test) del ZIP; sin filtro de encuadre para ampliar datos.
407,train/dragon/43fee63f-e5fc-4304-95a4-81a9019bd9d2.jpg,32fbd2a27df742b74bd829499521edfdea38fee3d41fd7398c2ce59249d4bf66,aceptar_entrenamiento,v3: todos los dragones (train y test) del ZIP; sin filtro de encuadre para ampliar datos.
408,train/dragon/440e15aa-c6cc-4f90-bbc8-7be696714ab7.jpg,06216f9392cd355361c15d79a7e1447aa93b312625a85e3aa54dbc2385a68fba,aceptar_entrenamiento,v3: todos los dragones (train y test) del ZIP; sin filtro de encuadre para ampliar datos.
409,train/dragon/445dd2b3-1fef-47c6-a48b-832d6b7e8d4c.jpg,20efef1ba0b64d93b71da598deabd1c54d180048aacd111b3bc39da589a855b7,aceptar_entrenamiento,v3: todos los dragones (train y test) del ZIP; sin filtro de encuadre para ampliar datos.
410,train/dragon/449256e9-0243-4ac7-bdec-6d4a2ae89fea.jpg,29168a657f2d4f8127a378ca73ec819cbf6ccebb73eb6d94185e69effe6e4f0f,aceptar_entrenamiento,v3: todos los dragones (train y test) del ZIP; sin filtro de encuadre para ampliar datos.
411,train/dragon/4513c2bc-c1d6-4fbf-b05d-8bfaf7747588.jpg,25e8ef0a65810243cc7ff127bab8fc2461c5cd2261eb5e9e1a197f9d5900e479,aceptar_entrenamiento,v3: todos los dragones (train y test) del ZIP; sin filtro de encuadre para ampliar datos.
412,train/dragon/452a93c1-ea1c-4e79-83fb-e7e546234acf.jpg,24afdf8d4f932e429fb4a1e451f8e1ef5fe4adbe90caeb12c10b80c06ff06e91,aceptar_entrenamiento,v3: todos los dragones (train y test) del ZIP; sin filtro de encuadre para ampliar datos.
413,train/dragon/459ccffa-d5ca-4c05-a069-383d8521ae45.jpg,3a99f40c390a6d3971c383bb28e2955e3b2f558c3294904aaf0e01e36a62e446,aceptar_entrenamiento,v3: todos los dragones (train y test) del ZIP; sin filtro de encuadre para ampliar datos.
414,train/dragon/469f320f-c5fb-417d-aca0-a5106b77f1e1.jpg,511e46d93dfd8481ad599ec60bf7b40ef6794a6c0eb981f63a2ff2a90d751b58,aceptar_entrenamiento,v3: todos los dragones (train y test) del ZIP; sin filtro de encuadre para ampliar datos.
415,train/dragon/46b10cea-3823-477f-a8e8-55c8f2ada824.jpg,66b4098291d3f1d2c414fbcf5acbaf9abe9bd11524c7269d9cb02eadb5f2ac38,aceptar_entrenamiento,v3: todos los dragones (train y test) del ZIP; sin filtro de encuadre para ampliar datos.
416,train/dragon/4713d64f-b000-481e-accc-2d6c992d6a68.jpg,f9e9be52b622fdf49ce2ace3dbf6adeb772369c5322e9a4bf3adfc60cd4fe8b6,aceptar_entrenamiento,v3: todos los dragones (train y test) del ZIP; sin filtro de encuadre para ampliar datos.
417,train/dragon/47237850-d92f-4a8c-a75e-d40ea8fabce4.jpg,53320d93e1437408b06975eefdc6ad5151d9bd367b893c567c056ebe7def312d,aceptar_entrenamiento,v3: todos los dragones (train y test) del ZIP; sin filtro de encuadre para ampliar datos.
418,train/dragon/472dd719-3037-48c3-aeed-9da008d9154a.jpg,c0131d369d21d716a220e3588d961d41c72519d134476cd356831c4ccfb9f2ea,aceptar_entrenamiento,v3: todos los dragones (train y test) del ZIP; sin filtro de encuadre para ampliar datos.
419,train/dragon/47e2820e-7bf6-4cad-a8df-c37299ee445e.jpg,d5dbc172daf9cf664a3ddf50d8c91504a503ab79242687a8cfd553890babc874,aceptar_entrenamiento,v3: todos los dragones (train y test) del ZIP; sin filtro de encuadre para ampliar datos.
420,train/dragon/47f73fd3-9691-4fa8-9bfe-182d996d30b1.jpg,67b6292b3b80ca2ebcbe3ac3ca3e43f739915968771a07962b617b129dbbfde0,aceptar_entrenamiento,v3: todos los dragones (train y test) del ZIP; sin filtro de encuadre para ampliar datos.
421,train/dragon/47f98d5e-49cc-487f-9ccd-99b29997570f.jpg,aaed0e94f30cd8cbbe0f50dea25e86f29c368bbed86b5b68900043b17ce1793e,aceptar_entrenamiento,v3: todos los dragones (train y test) del ZIP; sin filtro de encuadre para ampliar datos.
422,train/dragon/4896c713-5310-4a8b-bf5b-461753a1b0b9.jpg,0d485cedd9364e0fab7dfd9d031307b3cfc31dcb78d98d5e6d69eda050d509d8,aceptar_entrenamiento,v3: todos los dragones (train y test) del ZIP; sin filtro de encuadre para ampliar datos.
423,train/dragon/48bbb572-186e-455d-b867-4c63ccf04f5f.jpg,f481634cafaed7f0446d3844a2958d1281aa1ca55ca6ad10fa95d2dbf2a1a986,aceptar_entrenamiento,v3: todos los dragones (train y test) del ZIP; sin filtro de encuadre para ampliar datos.
424,train/dragon/48e279d3-7dd1-4890-bb61-fd8ec9186336.jpg,aff86db715745b56ce16ab29c1b4a4272cf3b0883ca03175bb740217a27ab5d1,aceptar_entrenamiento,v3: todos los dragones (train y test) del ZIP; sin filtro de encuadre para ampliar datos.
425,train/dragon/49566cb5-4c68-4923-886b-82a19fd812c7.jpg,44e0370a981082b47f3a03899e7e65b3324179d8b27de535c8bd0b8befb5a522,aceptar_entrenamiento,v3: todos los dragones (train y test) del ZIP; sin filtro de encuadre para ampliar datos.
426,train/dragon/49e8115f-36b9-4d71-ab6b-050a96706cab.jpg,97e43f2dfdcdfdcba9b6215ca5846a61257eab3236cda82713489c7c5adf933e,aceptar_entrenamiento,v3: todos los dragones (train y test) del ZIP; sin filtro de encuadre para ampliar datos.
427,train/dragon/4a34daad-7c0a-4fff-b705-5c1dc8c19903.jpg,508c4ba69d55f1ea56c0c96aae1db22e5db5f6d8a4cd436421da99ec8c89315b,aceptar_entrenamiento,v3: todos los dragones (train y test) del ZIP; sin filtro de encuadre para ampliar datos.
428,train/dragon/4a77c172-2132-4586-ab3d-ca5d43099afb.jpg,7d100b031c016c3c97c97f788b9963dfdd23ae7331e7acd355bf56f319be6ba1,aceptar_entrenamiento,v3: todos los dragones (train y test) del ZIP; sin filtro de encuadre para ampliar datos.
429,train/dragon/4ad2885e-7699-4462-9338-0f1fceeffd17.jpg,5071c0b88ca15b0ace2f5ef0b1e4d103a047ecdc8ef08335042b20c4f1434281,aceptar_entrenamiento,v3: todos los dragones (train y test) del ZIP; sin filtro de encuadre para ampliar datos.
430,train/dragon/4af4149d-d1d3-47c9-9adc-a5960d8ddcac.jpg,3979d757a1b73e579d5cf4a36a727adca13462f3796a888f80f95c0a3d6055fd,aceptar_entrenamiento,v3: todos los dragones (train y test) del ZIP; sin filtro de encuadre para ampliar datos.
431,train/dragon/4b5b8c51-46d0-4fa1-ab4e-479c0329a194.jpg,b9e139064fa521beb2db3fa3ce95eccc529c81c36345a4efc1bbd6c0a2bd143c,aceptar_entrenamiento,v3: todos los dragones (train y test) del ZIP; sin filtro de encuadre para ampliar datos.
432,train/dragon/4b89108a-4468-4604-9fdd-68a4f8fe6b31.jpg,a558b7840e76d2feb334a1563ec613186773ed831642877f9648c29482e99e45,aceptar_entrenamiento,v3: todos los dragones (train y test) del ZIP; sin filtro de encuadre para ampliar datos.
433,train/dragon/4b93d8c0-7e29-44ee-bdbd-a1eb28f9d13c.jpg,d1b10f04df137b6cabe2b496dcdbfe0c4748ce6439d96295e77e9bd34219bb08,aceptar_entrenamiento,v3: todos los dragones (train y test) del ZIP; sin filtro de encuadre para ampliar datos.
434,train/dragon/4bfcb28d-a8d0-4cbc-ad1f-af9f8d4abfc3.jpg,17b0647e844e2d09d302551b74be8b54a0d5c4218e46907c7c9a995569c1e384,aceptar_entrenamiento,v3: todos los dragones (train y test) del ZIP; sin filtro de encuadre para ampliar datos.
435,train/dragon/4c09eb5c-07ae-424e-93ae-2b6db273873b.jpg,0ca6d3f6b0b48bab68b0f16224653dd24b0b1860dc38c9d9978f1c901eb6a22a,aceptar_entrenamiento,v3: todos los dragones (train y test) del ZIP; sin filtro de encuadre para ampliar datos.
436,train/dragon/4c3d4897-b300-4d86-ada0-fa1e1e427c8c.jpg,2d4ad0cf3fbc784dd22de5dd6a5e4d90fd209d2f3c00a149e7267567b305cbec,aceptar_entrenamiento,v3: todos los dragones (train y test) del ZIP; sin filtro de encuadre para ampliar datos.
437,train/dragon/4c53cd52-3139-44f2-8975-994df68e2caf.jpg,89ea046fdb68218817c0eebc145842f023444896ca7babce2fa8b0f1c5dfda0e,aceptar_entrenamiento,v3: todos los dragones (train y test) del ZIP; sin filtro de encuadre para ampliar datos.
438,train/dragon/4c84e2cf-19e0-4169-8854-5f2106383aaa.jpg,a50bd8c1f604422de846f5560452e5c4be673510b3a2091961935e3213d1c471,aceptar_entrenamiento,v3: todos los dragones (train y test) del ZIP; sin filtro de encuadre para ampliar datos.
439,train/dragon/4cd093da-3e0f-4866-a9a0-153dc1be031e.jpg,063b62ff95a2cd205ff76720d2a830e385f0cff25ac322767f0251de6c64d865,aceptar_entrenamiento,v3: todos los dragones (train y test) del ZIP; sin filtro de encuadre para ampliar datos.
440,train/dragon/4ce9343c-eb10-40e6-8e39-3173ee1b6583.jpg,1a822d13ced775b9a43ca94b7cd0bae29c382cad6236169df64989f2fdd51119,aceptar_entrenamiento,v3: todos los dragones (train y test) del ZIP; sin filtro de encuadre para ampliar datos.
441,train/dragon/4d3ba1b8-c560-451f-a309-99dda95f8a94.jpg,fd97e346d5618ee5245e4c0583b799760e7355bfa5c15feaac5ec799056266b1,aceptar_entrenamiento,v3: todos los dragones (train y test) del ZIP; sin filtro de encuadre para ampliar datos.
442,train/dragon/4d72d922-21d1-4410-a837-e385a2357b48.jpg,e93cfb679dec37da3454b663ab9f445dafac6b93702deef703c0fd084262196f,aceptar_entrenamiento,v3: todos los dragones (train y test) del ZIP; sin filtro de encuadre para ampliar datos.
443,train/dragon/4dd3d728-548b-4cc7-8cee-52b4d1dc90c3.jpg,50f2a811900f16ae91e3e0fe620ca37b449473be5674b530e82e18f5095e6f8d,aceptar_entrenamiento,v3: todos los dragones (train y test) del ZIP; sin filtro de encuadre para ampliar datos.
444,train/dragon/4dd9e0d5-e8b5-474d-b331-a94c2af826ae.jpg,b0f8f24024d4b14c97940759994ac544cd9927e65138a376b424327a27525379,aceptar_entrenamiento,v3: todos los dragones (train y test) del ZIP; sin filtro de encuadre para ampliar datos.
445,train/dragon/4dfdb67e-9aa6-4743-b598-738ce127e30a.jpg,31100bbf451098d6e81993021d6c8aa4122fb007abcdc969552d586ae2db28d4,aceptar_entrenamiento,v3: todos los dragones (train y test) del ZIP; sin filtro de encuadre para ampliar datos.
446,train/dragon/4e0c7ce0-6f40-4f58-a79b-9af86c935c04.jpg,b0624b7c6a3a4155869644dcf6dc02d0ccf6ee765b64903a7270f63091bc335a,aceptar_entrenamiento,v3: todos los dragones (train y test) del ZIP; sin filtro de encuadre para ampliar datos.
447,train/dragon/4e29ddae-e939-4159-86f3-676eb9e7c0a0.jpg,cb071a955a09cf8fe093e31a37b7bf258892f45c3d86e1551ddb3143ce811a81,aceptar_entrenamiento,v3: todos los dragones (train y test) del ZIP; sin filtro de encuadre para ampliar datos.
448,train/dragon/4ef4d560-e6ce-4a65-91eb-68dc92010fdb.jpg,05aee45f56b907a0e4836cf51dcb5eb7eb73e2b8740f6efd6f2d245e63905921,aceptar_entrenamiento,v3: todos los dragones (train y test) del ZIP; sin filtro de encuadre para ampliar datos.
449,train/dragon/4f52243b-7854-4ad4-a55f-ae12993b11c6.jpg,c111ed92f32c0486565be117da4a677ef44a9dd52cc32647996ff3f6726b8871,aceptar_entrenamiento,v3: todos los dragones (train y test) del ZIP; sin filtro de encuadre para ampliar datos.
450,train/dragon/4f95146f-1cef-47e4-9c40-80a1b1d95cde.jpg,b88773c41c9d29ff7950dbfd15228d534fa1f4f9e8ebe94d9c24eabf68c3faf4,aceptar_entrenamiento,v3: todos los dragones (train y test) del ZIP; sin filtro de encuadre para ampliar datos.
451,train/dragon/4fae0396-3d0f-44d2-8652-18c1e7f14e23.jpg,cdbf766d54b82d79307fb95dc230a2c0adbbb83685674695255927ab93ac7e0c,aceptar_entrenamiento,v3: todos los dragones (train y test) del ZIP; sin filtro de encuadre para ampliar datos.
452,train/dragon/50146e61-6654-4d06-b0fd-35ee0ae37760.jpg,1486bbdc2d5dd7f439f136d1d84f43ccc5ea0862c78991a3a16dc5534a7268b8,aceptar_entrenamiento,v3: todos los dragones (train y test) del ZIP; sin filtro de encuadre para ampliar datos.
453,train/dragon/506e4a37-28b8-45d5-8b62-d8b97cc0d147.jpg,badf41fd348cfebf951d1d0a59e554eb6ebc68f0c42c232ca802c0ec54e74784,aceptar_entrenamiento,v3: todos los dragones (train y test) del ZIP; sin filtro de encuadre para ampliar datos.
454,train/dragon/507bae54-30c1-4c9a-8762-432b612f4e52.jpg,82e316639ce251b3d7ba101a3f1ee0f28cfe3338e48d54f49eb7f075944e60b9,aceptar_entrenamiento,v3: todos los dragones (train y test) del ZIP; sin filtro de encuadre para ampliar datos.
455,train/dragon/5097fdc1-dbcc-4fec-856d-e3d3774736cf.jpg,38e07b855855a9ddce3487cd2ca1607454317f4c3a083765d253d15e1cf19fb2,aceptar_entrenamiento,v3: todos los dragones (train y test) del ZIP; sin filtro de encuadre para ampliar datos.
456,train/dragon/51048274-90ff-4681-aef2-6c69896c0194.jpg,5c89376616a9bab20710be67046c3623cb1a872ad7d8edd259aad31ca1f4ca3f,aceptar_entrenamiento,v3: todos los dragones (train y test) del ZIP; sin filtro de encuadre para ampliar datos.
457,train/dragon/51846552-68dd-4f9a-a350-400ab097ea54.jpg,a532bb59d906354680652d0dd4699b8da086a52a1028cbc8950acedb6bb6a1d9,aceptar_entrenamiento,v3: todos los dragones (train y test) del ZIP; sin filtro de encuadre para ampliar datos.
458,train/dragon/531722e8-7959-4b5e-88d7-5be7f9a7d5d9.jpg,2ef7704a97a788b02e59c0e65601b4c77d84022f926041f2de35954c70cb2114,aceptar_entrenamiento,v3: todos los dragones (train y test) del ZIP; sin filtro de encuadre para ampliar datos.
459,train/dragon/53399496-a019-46ce-a359-acba4134783d.jpg,7f46e16cdb8c0a564cda758711fd2aa233079949c7c55b8f5f7dcfc1d7fc0bae,aceptar_entrenamiento,v3: todos los dragones (train y test) del ZIP; sin filtro de encuadre para ampliar datos.
460,train/dragon/5347935f-0b2e-4001-82a8-b797efc435e7.jpg,36e70a51d6fad584a1a6fe563b73d156fade0e528389e87c2f2ba8e9d9db154f,aceptar_entrenamiento,v3: todos los dragones (train y test) del ZIP; sin filtro de encuadre para ampliar datos.
461,train/dragon/54271433-1a34-42d7-a16f-92ede23e6318.jpg,e2f945e13a94721ce361fbb59c8faade7b4e320529c738307cdab039efde5cba,aceptar_entrenamiento,v3: todos los dragones (train y test) del ZIP; sin filtro de encuadre para ampliar datos.
462,train/dragon/542926fc-754a-460d-875e-eb3c5912181b.jpg,89845bd39cba696c09b0baea2378b4738085519806d1654dcff41fca49ab5722,aceptar_entrenamiento,v3: todos los dragones (train y test) del ZIP; sin filtro de encuadre para ampliar datos.
463,train/dragon/547975ba-1a1a-42e7-874d-f419d48e9048.jpg,298f9e7ca17fee72744ac34cff5ec54ac631899dd83e5d44d049d7c92f844bae,aceptar_entrenamiento,v3: todos los dragones (train y test) del ZIP; sin filtro de encuadre para ampliar datos.
464,train/dragon/547ce3b2-a025-49fb-a583-8b8b236026b4.jpg,27ed16ea53c3014eee690f39731ff0528ccf186716377de9e1d82240a05f1499,aceptar_entrenamiento,v3: todos los dragones (train y test) del ZIP; sin filtro de encuadre para ampliar datos.
465,train/dragon/54c3805c-76de-499d-92a7-e768990a7ca3.jpg,1f42cd2d0c45683fe49d2443521ea5d8b26f20ab66c327fdbe69ab7f9f536a43,aceptar_entrenamiento,v3: todos los dragones (train y test) del ZIP; sin filtro de encuadre para ampliar datos.
466,train/dragon/5560352b-607b-43aa-b50b-f5cfe7080cb5.jpg,c805c8fced5ee18f2a6a4eedfe71e1cb9813881b2fd913b5109227803c55f70a,aceptar_entrenamiento,v3: todos los dragones (train y test) del ZIP; sin filtro de encuadre para ampliar datos.
467,train/dragon/55b8bf62-77a2-4e92-9cca-cc73183629f7.jpg,132392f30a356e16df620597c8ea324b0d377bea7576d7702699a134b4fb34ef,aceptar_entrenamiento,v3: todos los dragones (train y test) del ZIP; sin filtro de encuadre para ampliar datos.
468,train/dragon/56666709-98d1-402e-9c4d-64a635b5aff2.jpg,2e7b82dc783a42f97ca197973ed0cba32fc2ef7b9a2c29efa180eb7600a2bdb2,aceptar_entrenamiento,v3: todos los dragones (train y test) del ZIP; sin filtro de encuadre para ampliar datos.
469,train/dragon/56f2b005-7113-41a0-a0c5-ed56020a9a6f.jpg,ef62c06cb02f6df95ac2079795de107ef1278f8296d1c74bacb19bb8ef0c742b,aceptar_entrenamiento,v3: todos los dragones (train y test) del ZIP; sin filtro de encuadre para ampliar datos.
470,train/dragon/57860bba-fd91-4246-a3dd-68c6d5f4edc7.jpg,18451886a2dec6fb321e46894fc900a722fc23d6cef38bc30f11a5d6a1521838,aceptar_entrenamiento,v3: todos los dragones (train y test) del ZIP; sin filtro de encuadre para ampliar datos.
471,train/dragon/57a4b4cd-c08e-4a70-9162-6ce5b158de93.jpg,f5d817496598e3b688de1751d63836153259c392b3f5af78d791cbcdbc7c7f79,aceptar_entrenamiento,v3: todos los dragones (train y test) del ZIP; sin filtro de encuadre para ampliar datos.
472,train/dragon/57d960de-28ad-4d3b-801e-ef58435cf785.jpg,08eac9d9f48ad3241ec103b97ca69d1adbe16f8a29ef8cd182ad9d32a6e31f66,aceptar_entrenamiento,v3: todos los dragones (train y test) del ZIP; sin filtro de encuadre para ampliar datos.
473,train/dragon/580082f3-9aab-4278-a950-2a113eedd171.jpg,6570b9207620317f6006cc2b468587b4d8b294a4c7458ccd69a458358a2e2fbe,aceptar_entrenamiento,v3: todos los dragones (train y test) del ZIP; sin filtro de encuadre para ampliar datos.
474,train/dragon/5803ed0b-bff0-4034-ada7-960eb0370586.jpg,0acb99e4752f52ca914b5d99f5c759731faf81bbfeb86f77a5aa0f62e4da90c4,aceptar_entrenamiento,v3: todos los dragones (train y test) del ZIP; sin filtro de encuadre para ampliar datos.
475,train/dragon/58907cd0-dbbf-4d66-95ab-f6a3159662f6.jpg,6cd007907639247fa37d58d54ece021a9493ab93e1e192cc8fd32fdf41179925,aceptar_entrenamiento,v3: todos los dragones (train y test) del ZIP; sin filtro de encuadre para ampliar datos.
476,train/dragon/595d6aab-38c8-43f7-aa0b-f90f8fef4072.jpg,4c932ddceaa2623b87d8d0faa201f0728f430e3507e173bec188b726bd8479c5,aceptar_entrenamiento,v3: todos los dragones (train y test) del ZIP; sin filtro de encuadre para ampliar datos.
477,train/dragon/59ca9d47-4c98-4b9d-a964-e945d30d90e8.jpg,77cf3ccd5386834a5d22238b622164138a9fe4f31f3eec089de7e88c7ca66a41,aceptar_entrenamiento,v3: todos los dragones (train y test) del ZIP; sin filtro de encuadre para ampliar datos.
478,train/dragon/59e63b16-2473-47da-8727-e209c9fdb472.jpg,1bffa121844e63bed7a0432c3577c1446346672abd4749909e3f6f0977944316,aceptar_entrenamiento,v3: todos los dragones (train y test) del ZIP; sin filtro de encuadre para ampliar datos.
479,train/dragon/5a4f934f-23c0-4534-be48-002995513417.jpg,eb9b468853d12ddd69237fa001f52d168b2b6ef3549d79328de641939400dd29,aceptar_entrenamiento,v3: todos los dragones (train y test) del ZIP; sin filtro de encuadre para ampliar datos.
480,train/dragon/5b3fa0e8-a0ad-44ed-b53f-11b16d4ee441.jpg,536e75b0d3cd6e61e31c9ca9431f06c97e34068eb00ebd9459419c533842d2a1,aceptar_entrenamiento,v3: todos los dragones (train y test) del ZIP; sin filtro de encuadre para ampliar datos.
481,train/dragon/5bb13403-5e53-4e28-ad6a-cf8669d939e1.jpg,5dad6bf1c6d1d30cc6b5f821a146a1d559a37945cc7f0b7e1a439c0d7462b997,aceptar_entrenamiento,v3: todos los dragones (train y test) del ZIP; sin filtro de encuadre para ampliar datos.
482,train/dragon/5c19f463-0462-4885-946a-9a631885396a.jpg,5e6be2762466f28a344b5fef0948143949c9993a8c8a52c378ae6038e4501a80,aceptar_entrenamiento,v3: todos los dragones (train y test) del ZIP; sin filtro de encuadre para ampliar datos.
483,train/dragon/5c447d18-8911-4361-bb4f-02beb0f73e46.jpg,ed2b4ba4ea8225bcf03b5958465cb89486f231a6c1dc3b2e0f2240b95b157e54,aceptar_entrenamiento,v3: todos los dragones (train y test) del ZIP; sin filtro de encuadre para ampliar datos.
484,train/dragon/5ca06483-a778-4c7b-a173-46d0e55c7a09.jpg,a2c070a5a04f4ab6f83a6f3bfd56a795c7328bb9407c85ce753d6a93be642e6d,aceptar_entrenamiento,v3: todos los dragones (train y test) del ZIP; sin filtro de encuadre para ampliar datos.
485,train/dragon/5cb084f9-7c69-49cc-b22d-37d4df771665.jpg,b113dd3c622e8985978681413d38312504f0d846212a7b3b97fd33838f7b6b2c,aceptar_entrenamiento,v3: todos los dragones (train y test) del ZIP; sin filtro de encuadre para ampliar datos.
486,train/dragon/5cd20978-c80b-47f4-bc66-6b44ac28dd0a.jpg,1f67ae89be0dc42e3916c8602773e64a9543660fa8a6da96dac7a8e6b85d6920,aceptar_entrenamiento,v3: todos los dragones (train y test) del ZIP; sin filtro de encuadre para ampliar datos.
487,train/dragon/5cfabf36-b144-4831-b97b-907b51771f29.jpg,ca31a9fd001ff9d9c5cf7520e23a524c88bf52b883e75a564138b0a16309a813,aceptar_entrenamiento,v3: todos los dragones (train y test) del ZIP; sin filtro de encuadre para ampliar datos.
488,train/dragon/5d84d8ef-7161-425a-8b4d-597926135609.jpg,499cb42e6b8ff990e76c87280149f36d8984784715b72b4d62c3fb7a625b60fd,aceptar_entrenamiento,v3: todos los dragones (train y test) del ZIP; sin filtro de encuadre para ampliar datos.
489,train/dragon/5dc5be04-a6f3-4454-b081-db0b433f3de3.jpg,5668370cbf520162b69114ccbf34c17847cbb36332dec4f426d6395acc624b23,aceptar_entrenamiento,v3: todos los dragones (train y test) del ZIP; sin filtro de encuadre para ampliar datos.
490,train/dragon/5e733624-a311-4493-9045-ba718f8c0394.jpg,4e003a6c9e1b73a6c74ccd419d7aae19130cd372c471b43ce4c019bdbe4c09d2,aceptar_entrenamiento,v3: todos los dragones (train y test) del ZIP; sin filtro de encuadre para ampliar datos.
491,train/dragon/5e75cdd4-f8d2-4cb0-a30f-836ed41fa489.jpg,7743541d9d8a584031f8724e4082bd488b536be5770d4eaa930a93c193bf15f6,aceptar_entrenamiento,v3: todos los dragones (train y test) del ZIP; sin filtro de encuadre para ampliar datos.
492,train/dragon/5e80bd46-1b8b-4964-9253-8d1a5be26409.jpg,288e9fcadfdd8672d5b94afff25bfbc32beafec3c7134b5e61adc4566cd1f71a,aceptar_entrenamiento,v3: todos los dragones (train y test) del ZIP; sin filtro de encuadre para ampliar datos.
493,train/dragon/5ef790b6-8833-4c11-b5b7-fd4f41ea0b84.jpg,e7b76cf4341c199c3be1e37e372d0220aa6baaeed736c8173c9ec5907fce168e,aceptar_entrenamiento,v3: todos los dragones (train y test) del ZIP; sin filtro de encuadre para ampliar datos.
494,train/dragon/5efef6b8-d6fd-4e32-8dad-18b5ed198ef5.jpg,d99b7f06e0c88c2420d98e1e3dd45a481cc2005a35210af4eba117b85c192906,aceptar_entrenamiento,v3: todos los dragones (train y test) del ZIP; sin filtro de encuadre para ampliar datos.
495,train/dragon/5fdf1bbb-af26-4ebc-b101-b003ea4834b1.jpg,2d258a3a358b6d8c1bbba84253f185e8da501e55fd94fd76917bb5c5289f5dd6,aceptar_entrenamiento,v3: todos los dragones (train y test) del ZIP; sin filtro de encuadre para ampliar datos.
496,train/dragon/5fee64be-4535-4d1f-a2da-8b332a3108d5.jpg,b84617eb42f17fef88fa1e7556ae1707e35c7573b844636219d74a092bcf1c3b,aceptar_entrenamiento,v3: todos los dragones (train y test) del ZIP; sin filtro de encuadre para ampliar datos.
497,train/dragon/60b78f98-4c8f-402d-8865-6cdf1b659d4b.jpg,0cb05a6bbf44c70114a79b540af0b576df3a40270d8cfc14df8ce0ebd9a88ccb,aceptar_entrenamiento,v3: todos los dragones (train y test) del ZIP; sin filtro de encuadre para ampliar datos.
498,train/dragon/60cf82d9-dfbf-4b4e-90dd-2cc92f9953d7.jpg,43a7045b4c013913b6aa7dacee33a4a5a8bbc28513f83a6fc4595bd7179546c1,aceptar_entrenamiento,v3: todos los dragones (train y test) del ZIP; sin filtro de encuadre para ampliar datos.
499,train/dragon/60fa00c3-98cc-4c17-8780-17857c00d5bf.jpg,1b889f46ba0f88e677851560e7403abf588876b1ff1b9f4cf1d4125c344f5fce,aceptar_entrenamiento,v3: todos los dragones (train y test) del ZIP; sin filtro de encuadre para ampliar datos.
500,train/dragon/61771fbe-64d8-4f49-8b7d-37c8c3715466.jpg,126522183fa23607a0a86cfa92a37fa1daa921a8f0465934b74d663593c1eb41,aceptar_entrenamiento,v3: todos los dragones (train y test) del ZIP; sin filtro de encuadre para ampliar datos.
501,train/dragon/620d484d-4c50-43de-8486-d3252fa35869.jpg,12fbf7d61b3058b69499d1a453a25671931bfceaad35d826f0e633ca0c344ac4,aceptar_entrenamiento,v3: todos los dragones (train y test) del ZIP; sin filtro de encuadre para ampliar datos.
502,train/dragon/624109b1-d753-425f-b5f2-8bfa2a614ac9.jpg,fd0cd84c61ddcc2e4df8a738d48bcde72c55d3b1e153799136868c45088451bd,aceptar_entrenamiento,v3: todos los dragones (train y test) del ZIP; sin filtro de encuadre para ampliar datos.
503,train/dragon/62cb1aae-8578-4bf3-95b2-75f0d5cbbaa0.jpg,ac2c29b5d5d2d801cbcd7efa67f9d8f629e498b5974fe96d4a310c6e4dc4e257,aceptar_entrenamiento,v3: todos los dragones (train y test) del ZIP; sin filtro de encuadre para ampliar datos.
504,train/dragon/62ebf39b-1a5d-4117-9f95-30763239072b.jpg,f21279f1ac12188f92243ee425612e6ee8d818e9d10014b8a722d0a83c7b614c,aceptar_entrenamiento,v3: todos los dragones (train y test) del ZIP; sin filtro de encuadre para ampliar datos.
505,train/dragon/634fb2d9-dce6-4c73-a5fe-3f7228f1c82a.jpg,2af6baca3d8d3feb38c168bc7e0993357e82f65a6799a6531c6dcf166c173e70,aceptar_entrenamiento,v3: todos los dragones (train y test) del ZIP; sin filtro de encuadre para ampliar datos.
506,train/dragon/636ff40f-72bd-4d6a-b263-e6ed084ab040.jpg,c10b2e9cc698a461ac0ba0622664e3abeb07e1757fab3e002341572378c67bb0,aceptar_entrenamiento,v3: todos los dragones (train y test) del ZIP; sin filtro de encuadre para ampliar datos.
507,train/dragon/6392d1ee-5f91-453e-b08f-dd7d6f46ce74.jpg,5693bca0d3e7f6153f1aafca2787013769749a9d4db3d63dbe7da859ceb04f08,aceptar_entrenamiento,v3: todos los dragones (train y test) del ZIP; sin filtro de encuadre para ampliar datos.
508,train/dragon/63a15b24-945c-4a2b-8f24-d09adf44fd95.jpg,1910a3ea37ae6adf9a67b338b8879244e2071cb860cce9c7011e6302a20ecda5,aceptar_entrenamiento,v3: todos los dragones (train y test) del ZIP; sin filtro de encuadre para ampliar datos.
509,train/dragon/64108f3a-21c7-421a-b0da-3c9aa5acafd0.jpg,89335db3012e11b589ce41f4db337c634536b8e8ae8954c8e797987e6ec100b0,aceptar_entrenamiento,v3: todos los dragones (train y test) del ZIP; sin filtro de encuadre para ampliar datos.
510,train/dragon/64365885-cc84-40da-b070-e208bcece516.jpg,eea0f6a1835ae7b664be46964e491130bcf320e53dda3cad3f3a4352d4e876f3,aceptar_entrenamiento,v3: todos los dragones (train y test) del ZIP; sin filtro de encuadre para ampliar datos.
511,train/dragon/64d28be5-881b-4003-b6cd-a848c42822da.jpg,46488e73ef1df8dd4d0ccbe105ae0188b7526026424e3abb5c442fa7d344e741,aceptar_entrenamiento,v3: todos los dragones (train y test) del ZIP; sin filtro de encuadre para ampliar datos.
512,train/dragon/658a6c71-7207-4db0-ad1d-a73fc446cb38.jpg,e5775269e4697699e437adda4c07cbec3e28b15079cdd6c2909164fc1eceb24c,aceptar_entrenamiento,v3: todos los dragones (train y test) del ZIP; sin filtro de encuadre para ampliar datos.
513,train/dragon/65968a9e-6368-4ea3-9e6e-37d07ac8353c.jpg,3bf8c1e06970ca641a4de2f85893751b53e8dadc2ed4245e5abaf2d62d6ac890,aceptar_entrenamiento,v3: todos los dragones (train y test) del ZIP; sin filtro de encuadre para ampliar datos.
514,train/dragon/6699db7c-feaf-441c-ade7-fd94e6181fa1.jpg,f515a1e1ac98007c0b742247ce2e0cc92f39c3ba5e2ae663a8e7222282821152,aceptar_entrenamiento,v3: todos los dragones (train y test) del ZIP; sin filtro de encuadre para ampliar datos.
515,train/dragon/66a48f2b-effc-4bcf-a323-24d49ba3f2cd.jpg,384e413b90235295bb781a04a4be96432bad402593a341017805a656bc5178b2,aceptar_entrenamiento,v3: todos los dragones (train y test) del ZIP; sin filtro de encuadre para ampliar datos.
516,train/dragon/66db9625-e029-4a52-a3c0-ef9c7265b9d9.jpg,bf72b3d16e56d25a73afdf215300d5098f7ac0a12388335a8680b3b47729fbe3,aceptar_entrenamiento,v3: todos los dragones (train y test) del ZIP; sin filtro de encuadre para ampliar datos.
517,train/dragon/66ee71f5-21f3-4d04-b103-c98326b7dfb8.jpg,e88a66ecc176051c1c133a156f7c57ba09e8dfc7827b5246ecc9ee8d51b4ede1,aceptar_entrenamiento,v3: todos los dragones (train y test) del ZIP; sin filtro de encuadre para ampliar datos.
518,train/dragon/6704f84b-c80d-4597-9aed-9515095b409f.jpg,dd7df160b8992f1dd79bbc97c1cc1e71e109a2d981435389d387de25f7d54665,aceptar_entrenamiento,v3: todos los dragones (train y test) del ZIP; sin filtro de encuadre para ampliar datos.
519,train/dragon/671f7aaa-c103-4fde-a196-cdc549cd2f50.jpg,97775516a86d32c177ac91133fed55a0917746910e9482894e4389826b79c978,aceptar_entrenamiento,v3: todos los dragones (train y test) del ZIP; sin filtro de encuadre para ampliar datos.
520,train/dragon/67e08942-9680-4c78-a5cf-9bd5a8baf9e7.jpg,3134ae021339b87e2e3c360c8a1ce0d2771b503cda68c1295e4719eb77374d79,aceptar_entrenamiento,v3: todos los dragones (train y test) del ZIP; sin filtro de encuadre para ampliar datos.
521,train/dragon/67f029ff-1e1d-412e-9a35-a768afe2574b.jpg,5ac63c7d880efd902fe9a331450bd7d85e356db83afa4dcf60378a14db555a3c,aceptar_entrenamiento,v3: todos los dragones (train y test) del ZIP; sin filtro de encuadre para ampliar datos.
522,train/dragon/67f0beb8-e884-4768-bc76-7290bb2f426c.jpg,febb20a4f279ab299a54a6bca0bf071a85af7e95223cc26f298d4c4ce4c78008,aceptar_entrenamiento,v3: todos los dragones (train y test) del ZIP; sin filtro de encuadre para ampliar datos.
523,train/dragon/68512f5c-d1fc-4969-be7d-163394e912c4.jpg,f0bcc09e9f20be93c5506c5fff44658f686571bab558033341fb7b9f2914e7be,aceptar_entrenamiento,v3: todos los dragones (train y test) del ZIP; sin filtro de encuadre para ampliar datos.
524,train/dragon/685f5c81-4f57-46ed-973e-7bfce140edc3.jpg,b7e9a972c03fe8a7f9126b6e7ffc7b942284dbfa7e59c7bd257b97092f4163f4,aceptar_entrenamiento,v3: todos los dragones (train y test) del ZIP; sin filtro de encuadre para ampliar datos.
525,train/dragon/6885ca07-c927-4aac-b669-8d6269da6baf.jpg,1a9fb72962a8a0b3c126f60ab6e3bc27f30255f47482192f4783bb066c02c15f,aceptar_entrenamiento,v3: todos los dragones (train y test) del ZIP; sin filtro de encuadre para ampliar datos.
526,train/dragon/68e94106-f905-4e96-9c46-60a833e0208a.jpg,bf86a13cf6dba7ac8431a80c1c819f0c1c9bc04b0468aef54c51bc89bebd258f,aceptar_entrenamiento,v3: todos los dragones (train y test) del ZIP; sin filtro de encuadre para ampliar datos.
527,train/dragon/69138072-5f28-4b6c-b211-7ffeb1c5a7a3.jpg,7f309f0e2b5504c0c5489e78fed680cdf8e94177184f5e0e874ffc58d232f3cf,aceptar_entrenamiento,v3: todos los dragones (train y test) del ZIP; sin filtro de encuadre para ampliar datos.
528,train/dragon/69463233-5df7-4062-b27c-6d8a042b5b9e.jpg,b0ba9d5d7a61b2d4012339d039eef15ba2143263fd9ff8eefe9a1d24583f61ed,aceptar_entrenamiento,v3: todos los dragones (train y test) del ZIP; sin filtro de encuadre para ampliar datos.
529,train/dragon/696851fe-f1fb-4090-805b-0a5f148bcbf0.jpg,43cf30c7ad9050b09c716ae8ddb9cfb1f869694ada6012fcd55805ab38564cb2,aceptar_entrenamiento,v3: todos los dragones (train y test) del ZIP; sin filtro de encuadre para ampliar datos.
530,train/dragon/69b64191-ae7c-4f3a-9278-aaf5bec20ef8.jpg,5025ee13e03b717b2550f225a69e94a85a02d7741633be1c2034d7d35e71501f,aceptar_entrenamiento,v3: todos los dragones (train y test) del ZIP; sin filtro de encuadre para ampliar datos.
531,train/dragon/69d5fd49-9b46-4b69-93b1-8df3967ecd46.jpg,f6e09990b3da92627dd1aed94653caaed9fdbeb5186f3d9e69351a00cee4353b,aceptar_entrenamiento,v3: todos los dragones (train y test) del ZIP; sin filtro de encuadre para ampliar datos.
532,train/dragon/6a19e10a-1736-4a28-8f3c-4a031fae81ba.jpg,25f407f2835d2357639d2b0c73f2cb0a17096088f77285493e1f02f37962c630,aceptar_entrenamiento,v3: todos los dragones (train y test) del ZIP; sin filtro de encuadre para ampliar datos.
533,train/dragon/6a50e43d-00b5-428c-8574-5497750ed300.jpg,cf3f64e20cfe29da73f4ca31ee299bf30cb7be0fad14684897460af6ba6fa933,aceptar_entrenamiento,v3: todos los dragones (train y test) del ZIP; sin filtro de encuadre para ampliar datos.
534,train/dragon/6aaef6b2-0c89-44a6-95e8-b8300376905d.jpg,0293762d652bb2770dafe1a75e10c5a096c20111e44d695f67278bcbbaeece0b,aceptar_entrenamiento,v3: todos los dragones (train y test) del ZIP; sin filtro de encuadre para ampliar datos.
535,train/dragon/6afcd33c-20c8-435f-a752-2f3135b51c2e.jpg,a0cb5041a60f9b37e7299ff7f41ae73e7738c4aaffe170550e818415ec8a212b,aceptar_entrenamiento,v3: todos los dragones (train y test) del ZIP; sin filtro de encuadre para ampliar datos.
536,train/dragon/6b0df454-1b12-4bbe-b3a6-2bf5490b07cf.jpg,2ba1fa7b00d68ecc45c4da2b9fd4b11cb9ae84ceeea1be7d6ad29fcbbff67e36,aceptar_entrenamiento,v3: todos los dragones (train y test) del ZIP; sin filtro de encuadre para ampliar datos.
537,train/dragon/6b582ce3-2e0b-4eee-a5c4-d333d32bc530.jpg,30d04a2128933417539224cc633694aa22d004f1182581c745fdfbf7e8578572,aceptar_entrenamiento,v3: todos los dragones (train y test) del ZIP; sin filtro de encuadre para ampliar datos.
538,train/dragon/6bb7e32f-eb24-4c5f-8999-9119ff8edd19.jpg,a82ad8b4772feb41ccf286f167932830843cf05bebfd808cd355ed80f67ceed2,aceptar_entrenamiento,v3: todos los dragones (train y test) del ZIP; sin filtro de encuadre para ampliar datos.
539,train/dragon/6c0127d9-1746-4329-b087-0fc3ac7ce6ed.jpg,17f0c039b33eeb7811b284f0e6d3e8b7786fa21387679ea8eed9fa00b5113af0,aceptar_entrenamiento,v3: todos los dragones (train y test) del ZIP; sin filtro de encuadre para ampliar datos.
540,train/dragon/6c8c99cb-22ca-429c-9643-ffb3b59615e1.jpg,f25c2ec592f4139ce82aec1f4d49db67cdde8f9f4842176b8e9d3f8953362039,aceptar_entrenamiento,v3: todos los dragones (train y test) del ZIP; sin filtro de encuadre para ampliar datos.
541,train/dragon/6ca76ae0-701c-4ada-a184-de1e887c7265.jpg,2e7ccd3836c365c4d14a02dcce84e05f155524a4d71aec6e792985b7d24a6101,aceptar_entrenamiento,v3: todos los dragones (train y test) del ZIP; sin filtro de encuadre para ampliar datos.
542,train/dragon/6caee625-7be4-4147-83e0-c30d16db0343.jpg,08f9170a675c4faed159d6578d06ad26cf58a0e9e822237f4ca32ca9c4f48e79,aceptar_entrenamiento,v3: todos los dragones (train y test) del ZIP; sin filtro de encuadre para ampliar datos.
543,train/dragon/6cb999f7-ab61-426d-9101-93ee09ad24de.jpg,73415e7804e991002f438ad296444cd6449f56887a046056f8e69595415a556f,aceptar_entrenamiento,v3: todos los dragones (train y test) del ZIP; sin filtro de encuadre para ampliar datos.
544,train/dragon/6cccc068-eb42-4b6f-9a03-da84a9bbccc7.jpg,eb3cd72326284070cd9ee63caa5e6f98178c0cf56e5e8f4a11a4947c75b84d38,aceptar_entrenamiento,v3: todos los dragones (train y test) del ZIP; sin filtro de encuadre para ampliar datos.
545,train/dragon/6d7c248e-6fde-44dc-a721-838a1c7f57b7.jpg,a67f2c1d25ab5097f27e1870791251dc288d79cad2fcce0f99a3cf856c81ef9c,aceptar_entrenamiento,v3: todos los dragones (train y test) del ZIP; sin filtro de encuadre para ampliar datos.
546,train/dragon/6d7dee2a-06b6-4e82-a19a-513449260a64.jpg,6835f71702dc801d390f2be1ac0c015ba311b86129772e9157c9b87c1c943357,aceptar_entrenamiento,v3: todos los dragones (train y test) del ZIP; sin filtro de encuadre para ampliar datos.
547,train/dragon/6d8c13c5-bb86-41d8-823a-687073766167.jpg,ba8cbe4d16f81184ddb2d22c5b66ff8834283fc7b62a88995063406dbe7c2861,aceptar_entrenamiento,v3: todos los dragones (train y test) del ZIP; sin filtro de encuadre para ampliar datos.
548,train/dragon/6e43c6d8-580f-40e5-8bc8-615ec2486bf8.jpg,99660b9e6b5527cd7dd2b144046c03a827882f37bf51d40196c86bf9520c31c2,aceptar_entrenamiento,v3: todos los dragones (train y test) del ZIP; sin filtro de encuadre para ampliar datos.
549,train/dragon/6e9fa583-73ba-477c-831d-9ebe1a053a8f.jpg,bcc8eb34ad44cbb2fb616a00f75636a0a866e84417b0ec824d8de968b9c96729,aceptar_entrenamiento,v3: todos los dragones (train y test) del ZIP; sin filtro de encuadre para ampliar datos.
550,train/dragon/6ec7b371-c369-485e-b1fc-0e2ade6890c9.jpg,0b416e7ed486698de912e223be4df068ec2ffa31b7152f1d369a8d573bffe009,aceptar_entrenamiento,v3: todos los dragones (train y test) del ZIP; sin filtro de encuadre para ampliar datos.
551,train/dragon/6eeb2691-3603-4d79-954f-a6804401620c.jpg,b2ae49f56bb9e470b49327c08fabb3f5fd5c3c445d1ad9922fe7b5acaafbb1c6,aceptar_entrenamiento,v3: todos los dragones (train y test) del ZIP; sin filtro de encuadre para ampliar datos.
552,train/dragon/6ef1ba9f-199c-41b3-b3df-616ac0b5cf09.jpg,7639c1804d5130af7467741ae3b7509da5ec25e6ab53f3b05cf1d0fe49e82ab3,aceptar_entrenamiento,v3: todos los dragones (train y test) del ZIP; sin filtro de encuadre para ampliar datos.
553,train/dragon/6f3fcc5f-1060-4f90-8a71-46343a32ca43.jpg,e5c3cc8b6e5068a369141113ca39edfa274400ca887f5af51fc47465c23cd72d,aceptar_entrenamiento,v3: todos los dragones (train y test) del ZIP; sin filtro de encuadre para ampliar datos.
554,train/dragon/6f42efa6-e9f2-47a6-87e7-eb672c18f947.jpg,dc304fdbfc80b8c4917da31479fb1c2aa5808874635a7c7ba0cf6b761467b9dd,aceptar_entrenamiento,v3: todos los dragones (train y test) del ZIP; sin filtro de encuadre para ampliar datos.
555,train/dragon/6fa82d3e-a3f1-4c0b-86f6-01932b587126.jpg,a100508aa46d33d53dfbf4743f2396d0f21f0c4eeced83a2dfa52ff06e2e4691,aceptar_entrenamiento,v3: todos los dragones (train y test) del ZIP; sin filtro de encuadre para ampliar datos.
556,train/dragon/7008ba7c-eb71-43a3-9a5c-29b51d383534.jpg,d87d5f427a3c6b4e524f8e3b2fa30ac13453a0ff43ea416b2754f0ffe60bc3fc,aceptar_entrenamiento,v3: todos los dragones (train y test) del ZIP; sin filtro de encuadre para ampliar datos.
557,train/dragon/70107aaa-daf5-4872-9cfd-566080a3032a.jpg,5bfa5d7e4d6670e63cb2d3c6aa0d4205570bed9ef076ab8a06fa05e4029c0b3e,aceptar_entrenamiento,v3: todos los dragones (train y test) del ZIP; sin filtro de encuadre para ampliar datos.
558,train/dragon/70551a00-6f78-4193-a149-341773bb7c35.jpg,7028c8f45d6aec46bed6ee77056332be099d945ae8cc95569c663bf108f6112f,aceptar_entrenamiento,v3: todos los dragones (train y test) del ZIP; sin filtro de encuadre para ampliar datos.
559,train/dragon/7056cc69-59d6-4ee9-b4e4-c1249024cc7f.jpg,875b979c32020ca3ecce5481e63f1aa7164e49e76cd49d65231fc23489d56865,aceptar_entrenamiento,v3: todos los dragones (train y test) del ZIP; sin filtro de encuadre para ampliar datos.
560,train/dragon/706079d7-a0f5-4638-beee-87d781aba02d.jpg,7322f7342614691ede917429f613fd2013ab85bad1f6481be3b68c0c1c0332ed,aceptar_entrenamiento,v3: todos los dragones (train y test) del ZIP; sin filtro de encuadre para ampliar datos.
561,train/dragon/706bf64f-efc9-413b-9b02-95bdb561582c.jpg,e8962a63a3c75fe7795eddfff5a898e487c0c07e94212d2d6cdd1265504981fa,aceptar_entrenamiento,v3: todos los dragones (train y test) del ZIP; sin filtro de encuadre para ampliar datos.
562,train/dragon/711f9753-a9e9-4095-89cf-050f53605427.jpg,073b76ec05fb8c720d1b6b7b6ba2b623832d4dbb5e38b3661d759bac477b24d4,aceptar_entrenamiento,v3: todos los dragones (train y test) del ZIP; sin filtro de encuadre para ampliar datos.
563,train/dragon/714ee1de-2807-41e5-ae2e-5775834f8132.jpg,1ce092c4f66d3a5c6486ee5528dd3298d569d9e553c18b9969a5642cfd204355,aceptar_entrenamiento,v3: todos los dragones (train y test) del ZIP; sin filtro de encuadre para ampliar datos.
564,train/dragon/7200b7e0-20a5-4bff-9840-ba9ef1d66f05.jpg,5006cd3f1cd7f7dbc4c96809a8c8a35b8a8241ac1c9eb4496b8999bca66c9d99,aceptar_entrenamiento,v3: todos los dragones (train y test) del ZIP; sin filtro de encuadre para ampliar datos.
565,train/dragon/72910302-df22-4a18-acaa-9353a5ff85e0.jpg,dbd33606f58c47085bd2bb9335f82485ab1e57bd7904809e9a3c3531ef01397c,aceptar_entrenamiento,v3: todos los dragones (train y test) del ZIP; sin filtro de encuadre para ampliar datos.
566,train/dragon/73085566-6597-4a97-b435-b7438423bed1.jpg,9fc6732d518b2e0d8c1d088718da69694892128b9157936db51ace50fad94df1,aceptar_entrenamiento,v3: todos los dragones (train y test) del ZIP; sin filtro de encuadre para ampliar datos.
567,train/dragon/73108fa4-d3d3-4b51-af91-3a631a6d68fd.jpg,573fc8db8ba79fb21c01a078892f90576f3893e23995ca117ff0b10850f6f1ad,aceptar_entrenamiento,v3: todos los dragones (train y test) del ZIP; sin filtro de encuadre para ampliar datos.
568,train/dragon/735fe8c5-5d5c-4202-9b00-ac019856b31e.jpg,ad98f9fb0a56d931d37c63b3f4dcf3386cd4b9216369cb1b350902ab56c7d055,aceptar_entrenamiento,v3: todos los dragones (train y test) del ZIP; sin filtro de encuadre para ampliar datos.
569,train/dragon/7369cc84-f449-4e9b-b525-e63b3e2961a2.jpg,4e80b29d89ba31d778c312b04a00e18bbcf73809dc8357ed55177bdbd88b7719,aceptar_entrenamiento,v3: todos los dragones (train y test) del ZIP; sin filtro de encuadre para ampliar datos.
570,train/dragon/7371c188-c488-4051-ad81-3484246061fe.jpg,d76f1f556654f91898fc6088bb2d64863c674cb9a94eb6e8650002819b8cbc6a,aceptar_entrenamiento,v3: todos los dragones (train y test) del ZIP; sin filtro de encuadre para ampliar datos.
571,train/dragon/746cec1b-0e81-499c-8231-1a06328d402f.jpg,d3a56fc00efd3b12df1efd5e28f7f91591d9514401e2f51d9994f778d1f9d7c2,aceptar_entrenamiento,v3: todos los dragones (train y test) del ZIP; sin filtro de encuadre para ampliar datos.
572,train/dragon/74786de9-953c-43b6-8c9e-149d678e9941.jpg,fcc73bd4692891c37ce67bfe71081eab518715f4d78b0aaa50f06868c1fcefff,aceptar_entrenamiento,v3: todos los dragones (train y test) del ZIP; sin filtro de encuadre para ampliar datos.
573,train/dragon/7478aa0b-9042-472f-8b5f-6fc7c34ecb47.jpg,586dcc2e72e561de6136c3d6aa0eb740d9d613703d65fe9202ab84da852b3464,aceptar_entrenamiento,v3: todos los dragones (train y test) del ZIP; sin filtro de encuadre para ampliar datos.
574,train/dragon/7522ffe4-38df-4660-b8e3-6acd8ca1529e.jpg,9e00a8fbfda2114fb95599f6e4777baaed4a322d8e494fec1a1faba7c6dc9368,aceptar_entrenamiento,v3: todos los dragones (train y test) del ZIP; sin filtro de encuadre para ampliar datos.
575,train/dragon/752328b3-6e71-4691-9fd2-e12bef335af8.jpg,6f58573696c61c9f78d9dce5a2557a527e8e33d042b4f80524ed6b91c6497f16,aceptar_entrenamiento,v3: todos los dragones (train y test) del ZIP; sin filtro de encuadre para ampliar datos.
576,train/dragon/7574c7ae-186e-453c-9d21-107ba6026126.jpg,820522b0138b3700e42a6735534a11e2c810c2df2e9d05e8e779a8443471b192,aceptar_entrenamiento,v3: todos los dragones (train y test) del ZIP; sin filtro de encuadre para ampliar datos.
577,train/dragon/75c45506-b3aa-4960-9a18-af241a020581.jpg,369696cd3b3d43824588f1fa08050be7ab3f6c46e32954c60b8217143ea02834,aceptar_entrenamiento,v3: todos los dragones (train y test) del ZIP; sin filtro de encuadre para ampliar datos.
578,train/dragon/764c4bf4-2f9b-4362-80aa-29d5dc159459.jpg,009af3d95952fb4ca5541f68d7811499bf1dce3984dd96c24fd4ed7eb08712c8,aceptar_entrenamiento,v3: todos los dragones (train y test) del ZIP; sin filtro de encuadre para ampliar datos.
579,train/dragon/76523673-c9bc-449f-bdf1-9bd9e91a0060.jpg,f268ac76c8a55b7f188ddf52887fef27d6240caecf0a1b9590fd301287053bd0,aceptar_entrenamiento,v3: todos los dragones (train y test) del ZIP; sin filtro de encuadre para ampliar datos.
580,train/dragon/76ed968f-8c7f-4b77-8427-44f9743980f5.jpg,fa3f256c4f82897a8b8fc38a4350cc27f5f9bcfbb1f6e2a5976d4d395338768b,aceptar_entrenamiento,v3: todos los dragones (train y test) del ZIP; sin filtro de encuadre para ampliar datos.
581,train/dragon/77ae68e2-d42a-4887-9316-6da9d5332a17.jpg,433bd36053d6e4e3e3d746a1a6922baa829f27880aaeacd26eb07d06eb7778f0,aceptar_entrenamiento,v3: todos los dragones (train y test) del ZIP; sin filtro de encuadre para ampliar datos.
582,train/dragon/78c3c6b3-97b0-40ec-b3cd-caefe62e5cc7.jpg,50aabbfe4a1307960aad10b8640df24c3800abbd0b455d5e5d7d255382b4c2f5,aceptar_entrenamiento,v3: todos los dragones (train y test) del ZIP; sin filtro de encuadre para ampliar datos.
583,train/dragon/79875e73-7ec0-4d00-a5f9-ff325f239fb6.jpg,cd64159f33a5f6c704680073a327741d55f5954706df2830ee2329168c1a1613,aceptar_entrenamiento,v3: todos los dragones (train y test) del ZIP; sin filtro de encuadre para ampliar datos.
584,train/dragon/79cbde9d-e47b-4c0b-81a9-5f6c80bccd0a.jpg,63aa19189837fc1de17fa46bf3656f793fa8e0b7a80ac89de4e05de1321dad71,aceptar_entrenamiento,v3: todos los dragones (train y test) del ZIP; sin filtro de encuadre para ampliar datos.
585,train/dragon/7a4da73d-9788-4240-a58a-bb741e70201f.jpg,c4dcdd57200d620a327e1f418f945a8a0ed22abb142eb1dcab75f0914f5c11ac,aceptar_entrenamiento,v3: todos los dragones (train y test) del ZIP; sin filtro de encuadre para ampliar datos.
586,train/dragon/7a509a61-0768-4dcf-85b2-e9092cbec0a6.jpg,e15998fa7352a44cf1c0ee938d2923c54bdd7d10cd1620fcf74b98432d117a37,aceptar_entrenamiento,v3: todos los dragones (train y test) del ZIP; sin filtro de encuadre para ampliar datos.
587,train/dragon/7ac18e16-3d80-46ae-b5d0-307254054586.jpg,bbd34fb728f360e1e5adbab2aaf55529a83c14c5db19b325d90ba001c2a447fa,aceptar_entrenamiento,v3: todos los dragones (train y test) del ZIP; sin filtro de encuadre para ampliar datos.
588,train/dragon/7b5fa8c2-5689-440a-8065-586b3f6f71da.jpg,fbc0d2d3a4d3ee10975206e358c1cb1608ebd89c09760bc52f7117b8ef4b6a7b,aceptar_entrenamiento,v3: todos los dragones (train y test) del ZIP; sin filtro de encuadre para ampliar datos.
589,train/dragon/7b73274e-18d3-4995-aa5e-47645147ca12.jpg,e2ba08d186f41153b6678e2bd552bd82eb47e2274c8d3e4041c55a3843f05fc5,aceptar_entrenamiento,v3: todos los dragones (train y test) del ZIP; sin filtro de encuadre para ampliar datos.
590,train/dragon/7bd0a518-8204-4423-aa3d-30a0e85a3e0d.jpg,0511ddd2e87322e9f0fc8a8cfd7d7d6dd83005daf8a68551f8487c25a8140fdf,aceptar_entrenamiento,v3: todos los dragones (train y test) del ZIP; sin filtro de encuadre para ampliar datos.
591,train/dragon/7bfd6180-f716-4474-848e-7d447d4cae93.jpg,36d5e2599440aead174ca758d09481afc76714ac943b346063c979f75afcdc81,aceptar_entrenamiento,v3: todos los dragones (train y test) del ZIP; sin filtro de encuadre para ampliar datos.
592,train/dragon/7cf2ebf3-67ba-4933-8d76-bb70b7ef4c4e.jpg,b92de689a637ecc4b2a80157fc1092b0717d553275fb15357264be290195a484,aceptar_entrenamiento,v3: todos los dragones (train y test) del ZIP; sin filtro de encuadre para ampliar datos.
593,train/dragon/7d8e45a6-c206-4521-a3a1-f0248b30524a.jpg,52a4210d2421e90dc1e1a1807b3c2be257a97d51c2b4c61561d1403ec5ab2a10,aceptar_entrenamiento,v3: todos los dragones (train y test) del ZIP; sin filtro de encuadre para ampliar datos.
594,train/dragon/7dfed502-f1df-4fd3-9c1f-d09a2983db5a.jpg,100e8b133d7b4149f41e87dc5a93256f8d45ad298149581753f806fa80cd99f0,aceptar_entrenamiento,v3: todos los dragones (train y test) del ZIP; sin filtro de encuadre para ampliar datos.
595,train/dragon/7e52e194-54ae-4b58-94c4-76bbee83bafc.jpg,3c98829dd8bdb632e1f1c68ac3801c9bc6ca1738f33cb2062c84662fe91be3b6,aceptar_entrenamiento,v3: todos los dragones (train y test) del ZIP; sin filtro de encuadre para ampliar datos.
596,train/dragon/7ecee617-baea-4fbd-8941-3671e58cda7f.jpg,c41c44f8198ea09a7c3bf07c7272f852781cd1e1a3eddd95df6fb76ed6a42931,aceptar_entrenamiento,v3: todos los dragones (train y test) del ZIP; sin filtro de encuadre para ampliar datos.
597,train/dragon/7edf878f-b089-4013-a2d8-5ba5fbd3a643.jpg,081fd008a4c32f35812a796eefa2447ccb920dd17d5e9f6b8337a6bb209c60ff,aceptar_entrenamiento,v3: todos los dragones (train y test) del ZIP; sin filtro de encuadre para ampliar datos.
598,train/dragon/7f3af7c8-97d9-416a-bd09-4752994a0c07.jpg,ead5bf859ef825863fa7bb06fce9f4f8c15402ea268beb88889a73af1a568580,aceptar_entrenamiento,v3: todos los dragones (train y test) del ZIP; sin filtro de encuadre para ampliar datos.
599,train/dragon/7f59d666-374a-4ad1-9e7b-0e95c2b9e937.jpg,b557a82e6bf5bb6cc5ed3c3f303e0e0b5394da67dc1e776e63ced51b8029b463,aceptar_entrenamiento,v3: todos los dragones (train y test) del ZIP; sin filtro de encuadre para ampliar datos.
600,train/dragon/7f6a8015-4630-422e-8d43-18617cb597fd.jpg,5d0535d56afbb3044c8346fcf026e318717cbdaed70a680bbe13d02b3281a0ab,aceptar_entrenamiento,v3: todos los dragones (train y test) del ZIP; sin filtro de encuadre para ampliar datos.
601,train/dragon/802b4e5c-4707-4faf-8621-971aadf09b1e.jpg,590edaf0ff1c2b2e3d5908a47d679ba063771bbe356dba119da713ed481a1bae,aceptar_entrenamiento,v3: todos los dragones (train y test) del ZIP; sin filtro de encuadre para ampliar datos.
602,train/dragon/81a90c92-2d55-483f-bc01-2b5b8743aeac.jpg,1d51dd98fdc1e800d31c059ced36d75e09db5a97a4e2e7a8f92bf601183cc49a,aceptar_entrenamiento,v3: todos los dragones (train y test) del ZIP; sin filtro de encuadre para ampliar datos.
603,train/dragon/81ca5931-075e-4d64-b19c-820a4cd3de61.jpg,9618226d76f47245ade5f550b7830105f1b8a0fb2aa4a02fd909de8f0042ef07,aceptar_entrenamiento,v3: todos los dragones (train y test) del ZIP; sin filtro de encuadre para ampliar datos.
604,train/dragon/820e6633-d88f-46b1-8f83-d4307cda6f0b.jpg,0102bccadf55f9f7c491e5aeb8b26ba95d52b40528b1eacb7fcbad3e7ca6a968,aceptar_entrenamiento,v3: todos los dragones (train y test) del ZIP; sin filtro de encuadre para ampliar datos.
605,train/dragon/82965ace-71e8-467e-96bb-fdff4995f3f5.jpg,a917ab7bcbcde420109a4bbbbd8b4678a1665770f269ecf1020c0d4962c6e0b1,aceptar_entrenamiento,v3: todos los dragones (train y test) del ZIP; sin filtro de encuadre para ampliar datos.
606,train/dragon/82ed07b9-f341-4681-aba7-99910b806b68.jpg,e0f70c036cab2fc4bb638df87fd7a3270bf443bead56f938a4eecc541391b6d7,aceptar_entrenamiento,v3: todos los dragones (train y test) del ZIP; sin filtro de encuadre para ampliar datos.
607,train/dragon/82f2d0cf-eb8d-412d-8e7a-fd549b8ce85d.jpg,2a05c9d035609d53fdcb15393a8c7d06ba0be83daead16d79d9cfe926ecf3239,aceptar_entrenamiento,v3: todos los dragones (train y test) del ZIP; sin filtro de encuadre para ampliar datos.
608,train/dragon/84079f7a-4210-4403-ac92-b707c8239e56.jpg,81286adbab360321c4d08d93d363d8964bbd2b223648a279e52494b7a78a8f81,aceptar_entrenamiento,v3: todos los dragones (train y test) del ZIP; sin filtro de encuadre para ampliar datos.
609,train/dragon/840f204b-1463-4318-821f-62456c726f93.jpg,1ba06829f52f0f6514cd6cc29b53b1f7656f42825f9e5672507ab91b112a186b,aceptar_entrenamiento,v3: todos los dragones (train y test) del ZIP; sin filtro de encuadre para ampliar datos.
610,train/dragon/84245393-a481-4830-a933-d26a82d9a4c8.jpg,d597cf9472eaf203be4155c212eb5d12288608e985227d618710882506c8da2f,aceptar_entrenamiento,v3: todos los dragones (train y test) del ZIP; sin filtro de encuadre para ampliar datos.
611,train/dragon/842aa065-249b-44b9-a338-bd6a1f6fe7d7.jpg,e789c16c0934fb8829ecdf9b1765c281a7274fe77970b19cea5a0889c8fc3c6f,aceptar_entrenamiento,v3: todos los dragones (train y test) del ZIP; sin filtro de encuadre para ampliar datos.
612,train/dragon/84c69b5b-0498-49b4-906f-78daa394ded0.jpg,5554eb7448c832f737b1684bba7a631568aa2d92b8580a2987474fe924b4f06f,aceptar_entrenamiento,v3: todos los dragones (train y test) del ZIP; sin filtro de encuadre para ampliar datos.
613,train/dragon/84edc66b-2008-4121-81a9-6303a01e8d83.jpg,5e896514c0541f792b1de4741c5730e8cab20b605cc2005e57a0c03ba1086600,aceptar_entrenamiento,v3: todos los dragones (train y test) del ZIP; sin filtro de encuadre para ampliar datos.
614,train/dragon/84f657a2-bb74-4cdd-a4dc-583194fcb6eb.jpg,537e3192661dc1aed7afc0a9b426ca2fb8eef639bd159c241aa748e4656b5424,aceptar_entrenamiento,v3: todos los dragones (train y test) del ZIP; sin filtro de encuadre para ampliar datos.
615,train/dragon/850d6eae-a233-4ba4-b746-ff01ad3ee842.jpg,5ad024c4e80374905421353c6b3a1d2a2aacb6f342e3bdf54cc43d2c6a151b09,aceptar_entrenamiento,v3: todos los dragones (train y test) del ZIP; sin filtro de encuadre para ampliar datos.
616,train/dragon/851820e3-b569-4a3b-9cdf-1c58d25276b9.jpg,ae61242ae55e6daebadbe7e0df6a8b800a0cd041598b762231d2d694a51c85ae,aceptar_entrenamiento,v3: todos los dragones (train y test) del ZIP; sin filtro de encuadre para ampliar datos.
617,train/dragon/851f0b9d-ddc1-46f1-84d7-65e8c9ee82b5.jpg,8937a3528524f48732a4a8af1d71e35150a777560fba1b41b5d55b5b360a187d,aceptar_entrenamiento,v3: todos los dragones (train y test) del ZIP; sin filtro de encuadre para ampliar datos.
618,train/dragon/85346754-bcab-4d75-8e36-1e4ea2f95904.jpg,13cf13617a5baacc9943fd4505179cfdb102ed75da20f16bb71a80a1fe85aa5b,aceptar_entrenamiento,v3: todos los dragones (train y test) del ZIP; sin filtro de encuadre para ampliar datos.
619,train/dragon/8589b6b8-afb0-408b-baac-bf44f18f88bb.jpg,3931b6d729ec3c749298d7252e5e72b7dfecbe6347e8b2c48bac37d1111af105,aceptar_entrenamiento,v3: todos los dragones (train y test) del ZIP; sin filtro de encuadre para ampliar datos.
620,train/dragon/8597c602-b5e1-467c-923e-68acf503a2bb.jpg,19cd3442d79a30ef6e763c9a11efb233df7e1a09a36620097493c2dddf004b8f,aceptar_entrenamiento,v3: todos los dragones (train y test) del ZIP; sin filtro de encuadre para ampliar datos.
621,train/dragon/85af3c2c-36da-4670-93aa-d1c0d229f69a.jpg,18f3dd755a3939116917b6e97a99c8a98783c5ed6ff83f68f4f6dc7eb94fb8b1,aceptar_entrenamiento,v3: todos los dragones (train y test) del ZIP; sin filtro de encuadre para ampliar datos.
622,train/dragon/86cb8713-2b30-4b1d-ba77-c385019fa5bf.jpg,0a529b65615be70596cd3c8c61f7c07b4ad78f8e79d43d0875daf6f76232d26c,aceptar_entrenamiento,v3: todos los dragones (train y test) del ZIP; sin filtro de encuadre para ampliar datos.
623,train/dragon/86e046bd-16be-4935-ad0d-646fa6186961.jpg,dd241b1557df691f885a1a6c73311a01a10f469f6c66381c16b4198fea78f57a,aceptar_entrenamiento,v3: todos los dragones (train y test) del ZIP; sin filtro de encuadre para ampliar datos.
624,train/dragon/8732a679-8ff4-4e60-af9c-15ca481346d2.jpg,c701134efcc97e65aa9f50714fb6067356399592b5e852d95b9351b901e66434,aceptar_entrenamiento,v3: todos los dragones (train y test) del ZIP; sin filtro de encuadre para ampliar datos.
625,train/dragon/87911c28-1b63-4500-980f-9e81f3f4237e.jpg,39f85d9961efad0e6dc9ee631cd6b0671ffca3ed35589f1957e9ee3f64ecfcfc,aceptar_entrenamiento,v3: todos los dragones (train y test) del ZIP; sin filtro de encuadre para ampliar datos.
626,train/dragon/87da9a9c-a02c-4b95-abe2-4a671c238e83.jpg,53aeb5b27d7c5492f6537c2c962549cd411b7e3e7401f4a8445890ed67669224,aceptar_entrenamiento,v3: todos los dragones (train y test) del ZIP; sin filtro de encuadre para ampliar datos.
627,train/dragon/883649dd-178a-46f7-a820-0b1daa0cce87.jpg,08e3654a90e381d858caa4273cc9004b00a6a5248489a74fbe37a5ea69b87a7e,aceptar_entrenamiento,v3: todos los dragones (train y test) del ZIP; sin filtro de encuadre para ampliar datos.
628,train/dragon/8854ce9f-5989-4483-9e74-4dd85084b3f0.jpg,a509d3522671ad61f100e4f4ce5e4d27fcd0527ff22ad565f9e97353595404bb,aceptar_entrenamiento,v3: todos los dragones (train y test) del ZIP; sin filtro de encuadre para ampliar datos.
629,train/dragon/88658efe-2877-4908-8155-4f86d47b77b9.jpg,5299a861bbf41bede13c626d93dbd5ce99a82422a8493c37dfd9a3a01c123495,aceptar_entrenamiento,v3: todos los dragones (train y test) del ZIP; sin filtro de encuadre para ampliar datos.
630,train/dragon/893774d4-07a2-4619-9a6d-1bbf81ea79a8.jpg,49d8c4ef500c14183688b01ef168a5ad9b0a6de13ae4007604cc61346d1685f1,aceptar_entrenamiento,v3: todos los dragones (train y test) del ZIP; sin filtro de encuadre para ampliar datos.
631,train/dragon/89b68870-a379-47e1-96ad-393097fadae8.jpg,afda4d0ee4d57008a86ed94d0d2f0f9561f5d60b5b5091198340d1b670cb37d9,aceptar_entrenamiento,v3: todos los dragones (train y test) del ZIP; sin filtro de encuadre para ampliar datos.
632,train/dragon/89de3e46-a204-4add-b658-6f8487253043.jpg,16bac18665f8b7508b52a2e28b1eaeb3059491e4f4cae3939c0ddf5623979178,aceptar_entrenamiento,v3: todos los dragones (train y test) del ZIP; sin filtro de encuadre para ampliar datos.
633,train/dragon/8a8669fd-096f-4b6e-a0c7-93c94504bec8.jpg,c1a63771c3bb7324223605ee78dffd918f5a84e8861f66f27b0386984c229a59,aceptar_entrenamiento,v3: todos los dragones (train y test) del ZIP; sin filtro de encuadre para ampliar datos.
634,train/dragon/8ae96629-92fb-41a2-a9b1-7ca63d8e9659.jpg,3f173982407b3cea701253760b22c9d07b4eda21c0cc18ccfc335b7f10985585,aceptar_entrenamiento,v3: todos los dragones (train y test) del ZIP; sin filtro de encuadre para ampliar datos.
635,train/dragon/8bafdff5-b40a-4681-b91a-03326f8147ae.jpg,56e89d0743849e176556dd9bd831c7e997817f5e28a2a4a22c6a46ab9cbbfc9b,aceptar_entrenamiento,v3: todos los dragones (train y test) del ZIP; sin filtro de encuadre para ampliar datos.
636,train/dragon/8bf732f3-a4bf-4203-b357-13c1da490255.jpg,f9f7f1b156de4dc4f1688c89602209634466a12198a1e29fb98c57a1f225db14,aceptar_entrenamiento,v3: todos los dragones (train y test) del ZIP; sin filtro de encuadre para ampliar datos.
637,train/dragon/8c0671f9-0c05-47fd-a9a3-f1fa0533e801.jpg,3f96dbff0eee79eef1e5fe1cdec0bcd8c15815a8ce01ac72c91a1691568a15d9,aceptar_entrenamiento,v3: todos los dragones (train y test) del ZIP; sin filtro de encuadre para ampliar datos.
638,train/dragon/8c91e2cc-675d-4cc1-8aee-9661d92fef05.jpg,e818a7bd4735783f924d2bf14744beb1a0d32841800a74c57d2d817c8c4bc12e,aceptar_entrenamiento,v3: todos los dragones (train y test) del ZIP; sin filtro de encuadre para ampliar datos.
639,train/dragon/8d805bf8-f5fc-4e1d-8da2-ab2aabfb3c78.jpg,9cfff3853ed77d37697a874ab965800e10d4a40364b49f01ad46af9f68df1ca5,aceptar_entrenamiento,v3: todos los dragones (train y test) del ZIP; sin filtro de encuadre para ampliar datos.
640,train/dragon/8dfa470d-62e9-4458-875b-32484656245d.jpg,1e5f737ac326897f9744635d21a87e40487b031d73dfdf0af1d6a7257c9cb5d7,aceptar_entrenamiento,v3: todos los dragones (train y test) del ZIP; sin filtro de encuadre para ampliar datos.
641,train/dragon/8e08eb25-0d94-41e2-a2f2-513ccd66401f.jpg,7955d8419791474e659d7f0df1cb219751b28edda57560526b475c4e38b00b9d,aceptar_entrenamiento,v3: todos los dragones (train y test) del ZIP; sin filtro de encuadre para ampliar datos.
642,train/dragon/8e51ff4c-270b-4abf-8406-2bfeebc61baf.jpg,9e40938a52609cda8b662adeacfd78a7228506dbcc695cd8918e7357392389c5,aceptar_entrenamiento,v3: todos los dragones (train y test) del ZIP; sin filtro de encuadre para ampliar datos.
643,train/dragon/8e646628-a1a1-4aa4-9d73-9a4f3836e6bc.jpg,1c550cb162075233ae31c72de446977f2100c0524453b0eadd7b8af266e91c9b,aceptar_entrenamiento,v3: todos los dragones (train y test) del ZIP; sin filtro de encuadre para ampliar datos.
644,train/dragon/8e6d3043-9224-4b4f-a43c-2a1dc30552d4.jpg,f21a161a0e00aeac6c91a21f78cb1f5ce25965ace258c7ed5e36fc5b73fe762f,aceptar_entrenamiento,v3: todos los dragones (train y test) del ZIP; sin filtro de encuadre para ampliar datos.
645,train/dragon/8f82a517-c0be-42e3-89ef-4a9666e7402d.jpg,4e8e6398d2eb05c5f95173743ee06e6cb5b7c32170b12550f91b1b951f5d5b07,aceptar_entrenamiento,v3: todos los dragones (train y test) del ZIP; sin filtro de encuadre para ampliar datos.
646,train/dragon/9048a148-bb18-417e-88db-f01b3ca1e09f.jpg,b0e4616647699d979629e2b3017018b7cc1ea9bc401819d8c082a900791719c8,aceptar_entrenamiento,v3: todos los dragones (train y test) del ZIP; sin filtro de encuadre para ampliar datos.
647,train/dragon/90b20bd9-12c7-4253-a75c-4064b493796a.jpg,ff7c6abab0e56a414a6576c5d659f1d31ba9eb5050bf2af8fe85f9dcc45b254a,aceptar_entrenamiento,v3: todos los dragones (train y test) del ZIP; sin filtro de encuadre para ampliar datos.
648,train/dragon/913c3a03-14ee-4538-aaf6-8a6861f8704d.jpg,01e8f4e9bb740180fc55c43d85ea8299961d78f14fdd765715d6396ebcab285f,aceptar_entrenamiento,v3: todos los dragones (train y test) del ZIP; sin filtro de encuadre para ampliar datos.
649,train/dragon/915f90cd-004f-4d72-9e53-557d81e3dffc.jpg,5fd66e28916785ed9969ef501095ca7d7f12654b690660a3ce6399ab96e46d27,aceptar_entrenamiento,v3: todos los dragones (train y test) del ZIP; sin filtro de encuadre para ampliar datos.
650,train/dragon/91ae7ea6-2e55-43b6-bb96-e863a8197dcc.jpg,05f2624bc5586e66eff1fa64461de8a3acbb8fa094b9d0fbdac3376a20bb05ad,aceptar_entrenamiento,v3: todos los dragones (train y test) del ZIP; sin filtro de encuadre para ampliar datos.
651,train/dragon/92062072-8e51-4534-85a0-aab141c988cb.jpg,8b4f0e79bfa06763b779ac5cba180588e47151e258ac2dc29eb300a444717d4d,aceptar_entrenamiento,v3: todos los dragones (train y test) del ZIP; sin filtro de encuadre para ampliar datos.
652,train/dragon/92b12d9e-1da2-404a-8311-36b49a982119.jpg,a5982b89190e22eece87597b74166198705365318de2a640f058db47def7b266,aceptar_entrenamiento,v3: todos los dragones (train y test) del ZIP; sin filtro de encuadre para ampliar datos.
653,train/dragon/92b16502-7017-4ffa-a123-e9b01940a6a5.jpg,4c2e787cf540221ebf82c7d76c66d901a0ac83ef9ab05d466ea8e74090d14adf,aceptar_entrenamiento,v3: todos los dragones (train y test) del ZIP; sin filtro de encuadre para ampliar datos.
654,train/dragon/931c1c2b-8f3f-44fd-9d50-7bd63d18ae5f.jpg,fc590e698c5837de8735052a717850a14dbf896b7f6040432baf84d301dc9ea0,aceptar_entrenamiento,v3: todos los dragones (train y test) del ZIP; sin filtro de encuadre para ampliar datos.
655,train/dragon/93b543ca-8c49-4092-9854-b212d4742ef3.jpg,12f0bee45da0f7d27dc1d61e8d729a3aa37ba4fd20a9801fc80309c5a2a39a75,aceptar_entrenamiento,v3: todos los dragones (train y test) del ZIP; sin filtro de encuadre para ampliar datos.
656,train/dragon/93f32000-e384-4542-ad63-55e8811a1aac.jpg,2182899523f44fa1b72ca90777d8fcc21cd02c16318071282a47c36cabdcd6d7,aceptar_entrenamiento,v3: todos los dragones (train y test) del ZIP; sin filtro de encuadre para ampliar datos.
657,train/dragon/93ffcf18-ba3d-4a47-b955-922d2cc952e3.jpg,452c29374ea6727f1991d3502d5316fce4ddd39ab4b1693c491d4c9580c29dad,aceptar_entrenamiento,v3: todos los dragones (train y test) del ZIP; sin filtro de encuadre para ampliar datos.
658,train/dragon/947b58b2-a07d-4cf2-a1c0-b1dccdb3767e.jpg,c7225e526493aee6c8c772ce239b1549ddae0879866121354725d145f9f64cae,aceptar_entrenamiento,v3: todos los dragones (train y test) del ZIP; sin filtro de encuadre para ampliar datos.
659,train/dragon/950cb245-d9f1-410d-ae8b-a145d600d777.jpg,d4d429d22e955112f39978ad48192b0e08f69e32f77e781f3d0486c6f50754a8,aceptar_entrenamiento,v3: todos los dragones (train y test) del ZIP; sin filtro de encuadre para ampliar datos.
660,train/dragon/9534ccec-7024-40bd-bde4-7ac5cf713047.jpg,9b11c3c69df9f594de75913081fbd61422c47810c2f7914d4fd0560b71eb2823,aceptar_entrenamiento,v3: todos los dragones (train y test) del ZIP; sin filtro de encuadre para ampliar datos.
661,train/dragon/95380bbf-fde3-4b54-8447-4893e530bd44.jpg,5959a6d5e592a83570d19f761467f33caaf0a80f3ff6f94bfde417a9fa6890e4,aceptar_entrenamiento,v3: todos los dragones (train y test) del ZIP; sin filtro de encuadre para ampliar datos.
662,train/dragon/95b3ec4d-504f-4e96-94b1-429bab397690.jpg,a02e5e67f92d2ba0288afdad1cd658cfc09b1a2b054e324e0f309a17de34ea9e,aceptar_entrenamiento,v3: todos los dragones (train y test) del ZIP; sin filtro de encuadre para ampliar datos.
663,train/dragon/962379d0-c944-4dc1-811e-05bbeb06cb68.jpg,1d116a6432d5b328a978860fb9491d9ccf1925d2f536c9b3bd090da3719c04d9,aceptar_entrenamiento,v3: todos los dragones (train y test) del ZIP; sin filtro de encuadre para ampliar datos.
664,train/dragon/9686fcca-7b0d-4f47-be79-ada232df4cd8.jpg,0c51b76e741d6184594ba89c8eec0f17de45cf4a52a42c46b9b3b6dcb8de52f9,aceptar_entrenamiento,v3: todos los dragones (train y test) del ZIP; sin filtro de encuadre para ampliar datos.
665,train/dragon/97b47e2a-1503-4fae-a8a3-3796f4641e32.jpg,8128641fac34f14d9059329fb41477d7aa0326d360e94d1aae7f9c7a1d435ff1,aceptar_entrenamiento,v3: todos los dragones (train y test) del ZIP; sin filtro de encuadre para ampliar datos.
666,train/dragon/97e705bd-27d8-46ec-bd75-1075f28156bf.jpg,797242e025e8884bda5f806d7566d5d1737b17e92b41666f582aafc000fff186,aceptar_entrenamiento,v3: todos los dragones (train y test) del ZIP; sin filtro de encuadre para ampliar datos.
667,train/dragon/981ba2cd-2daa-40e9-954a-2c34ae99f5df.jpg,88137822721a88dc6184ab7ae13d6984250e32a9a09d92d85f73bcbd269a09cf,aceptar_entrenamiento,v3: todos los dragones (train y test) del ZIP; sin filtro de encuadre para ampliar datos.
668,train/dragon/9886aea2-ae3e-468f-9942-8648d671e56c.jpg,00cba89fbb57362eae675f74dd3f10087787f920065f790261f7552103b3a9f9,aceptar_entrenamiento,v3: todos los dragones (train y test) del ZIP; sin filtro de encuadre para ampliar datos.
669,train/dragon/98b2a8c0-1b0c-4184-bdb4-749dd35d5b00.jpg,53bf9ec5c942cf871fa20f4b8f742caa3f139f5550d995da923a2a6e3ff7f8f3,aceptar_entrenamiento,v3: todos los dragones (train y test) del ZIP; sin filtro de encuadre para ampliar datos.
670,train/dragon/98cc8d03-e363-4d28-8dee-a62766f2b2c9.jpg,e0e144d67043abf9cdf1944dac2e922c12fcbfbd1dc88381dcc1e44b2dd03491,aceptar_entrenamiento,v3: todos los dragones (train y test) del ZIP; sin filtro de encuadre para ampliar datos.
671,train/dragon/98ef6e56-aee1-464e-8425-2779486b5e23.jpg,f89506a493f5f55c7a43c27cbb6326706c9577d6dd035dfd8dce007d311ba774,aceptar_entrenamiento,v3: todos los dragones (train y test) del ZIP; sin filtro de encuadre para ampliar datos.
672,train/dragon/9905e68e-9bd7-4511-a5c2-af4edf43d224.jpg,7460865d028050344fd0b2e2a1733c2064e39f93c08aa1e5601edb8e5da79b99,aceptar_entrenamiento,v3: todos los dragones (train y test) del ZIP; sin filtro de encuadre para ampliar datos.
673,train/dragon/9929ab62-b6d0-406c-b231-af847412c664.jpg,5d2cfd9072a882fa0b2bf43ff6f349439b04df8c69fdbdef7626d976ebef0230,aceptar_entrenamiento,v3: todos los dragones (train y test) del ZIP; sin filtro de encuadre para ampliar datos.
674,train/dragon/994edb7d-8bf6-4cea-8611-1f2654339b14.jpg,25b6461aedcfef4abdcb43fdef5f5748d75720020dbb92b362b25c6e29d022b0,aceptar_entrenamiento,v3: todos los dragones (train y test) del ZIP; sin filtro de encuadre para ampliar datos.
675,train/dragon/99c729af-aab9-43d8-ab5b-4ceb7595a8e9.jpg,e7f787f716b2d9c09e3cc3a7260ccbf4ec851959aa14211d789cf8fbf75698e7,aceptar_entrenamiento,v3: todos los dragones (train y test) del ZIP; sin filtro de encuadre para ampliar datos.
676,train/dragon/9a38cfd4-fed2-4722-a898-7bf424ac968a.jpg,281cdb8836e9dfa1850de96bc030fd15f4177d84bbb12e6b18e459909775069c,aceptar_entrenamiento,v3: todos los dragones (train y test) del ZIP; sin filtro de encuadre para ampliar datos.
677,train/dragon/9a470797-195b-4752-a84f-4586eb79a975.jpg,e1d456cbdca30fa73099ddc4b6547085d2ae82834deaec2e5c6df3980a859fb8,aceptar_entrenamiento,v3: todos los dragones (train y test) del ZIP; sin filtro de encuadre para ampliar datos.
678,train/dragon/9ac0804d-4df8-4681-8324-49349372fe6c.jpg,929c5199161bd42caf70ee27a4b69dfe52bab51a76e435f5385922d174531a6f,aceptar_entrenamiento,v3: todos los dragones (train y test) del ZIP; sin filtro de encuadre para ampliar datos.
679,train/dragon/9afba7b6-cd04-409e-a507-9bafa0184695.jpg,7dba66f312abbd3903577cbc9074b1983f5e146515f26e3d39bdb48eedd962df,aceptar_entrenamiento,v3: todos los dragones (train y test) del ZIP; sin filtro de encuadre para ampliar datos.
680,train/dragon/9b0d8872-d54b-46d1-a018-8ff8501f61e3.jpg,beeb30180238e3e4c9e1eb947d779658d222273b52c1710b5e095e50647a6898,aceptar_entrenamiento,v3: todos los dragones (train y test) del ZIP; sin filtro de encuadre para ampliar datos.
681,train/dragon/9b277e24-488d-4081-a689-bfa6c781386b.jpg,5eaf2cdb8eedb74844112150dc36427757c089c153fd78e0bc73d6427f9c4037,aceptar_entrenamiento,v3: todos los dragones (train y test) del ZIP; sin filtro de encuadre para ampliar datos.
682,train/dragon/9b44d49d-3df2-44f5-95fd-273de88a31cd.jpg,e15af23d827f7386efcf3b1b91c895de764ff67887742f647dd203f82d94cb75,aceptar_entrenamiento,v3: todos los dragones (train y test) del ZIP; sin filtro de encuadre para ampliar datos.
683,train/dragon/9b615037-aa95-4e7e-9bf8-4d98e3c64d37.jpg,5acc0fd59088a173a39d283d468830311f15227f5c239a3ebc284798100cbd3c,aceptar_entrenamiento,v3: todos los dragones (train y test) del ZIP; sin filtro de encuadre para ampliar datos.
684,train/dragon/9bb5578f-a7a1-437d-a1ce-9c08c3dade42.jpg,d671d280d00f0bb3c8e8811442ee512624f64ac48494526e00fbbbf41721c425,aceptar_entrenamiento,v3: todos los dragones (train y test) del ZIP; sin filtro de encuadre para ampliar datos.
685,train/dragon/9bed3a7b-5723-4c7f-b9dd-a39a5e45f89a.jpg,365d3e8a73310e619a2bd52dd312cb2779e7ffe4c1de157c4e3f2165d46f30f1,aceptar_entrenamiento,v3: todos los dragones (train y test) del ZIP; sin filtro de encuadre para ampliar datos.
686,train/dragon/9cf8b80b-fcd4-4cd3-966f-f2c5fee4becd.jpg,c0c377656aeb0e88b21b2315f60189801874120f87cd619b05f136d77538ef1c,aceptar_entrenamiento,v3: todos los dragones (train y test) del ZIP; sin filtro de encuadre para ampliar datos.
687,train/dragon/9cfa4d68-0678-4d1d-b21e-9f6ec3cac4a8.jpg,f55f91164d52958aa611b6d8dade8d2aa13208487985f9dd13aedb4892981fda,aceptar_entrenamiento,v3: todos los dragones (train y test) del ZIP; sin filtro de encuadre para ampliar datos.
688,train/dragon/9d01676f-4c78-4cba-94ee-151605d195ab.jpg,b8615eca2120bb84d6be123199c037808712e5541e635d782e687ba348a4472f,aceptar_entrenamiento,v3: todos los dragones (train y test) del ZIP; sin filtro de encuadre para ampliar datos.
689,train/dragon/9d24a986-2c48-40ac-98ac-27accfefa041.jpg,c7e8ce0a526b45bd4fa98eebad1ad74b045f3355e96f2366720df5341023e7e8,aceptar_entrenamiento,v3: todos los dragones (train y test) del ZIP; sin filtro de encuadre para ampliar datos.
690,train/dragon/9d464d37-a69d-4c25-bdf5-bb5aaae4f525.jpg,fee6746b280a629ca38c7409ecf8f256de494fa7f1d6e21b3d34c3ff528ed6b4,aceptar_entrenamiento,v3: todos los dragones (train y test) del ZIP; sin filtro de encuadre para ampliar datos.
691,train/dragon/9d62b172-fa68-4546-8e64-a914a00c60c2.jpg,a896db4533fa5758b8a76b809d7cfb83a426c34f65e115723ec7c310595f625c,aceptar_entrenamiento,v3: todos los dragones (train y test) del ZIP; sin filtro de encuadre para ampliar datos.
692,train/dragon/9d7541a8-df9a-4a50-8972-f8db7a7f839b.jpg,8bdf55f2dc906b281d9cadececa0c44f6b64c7c9dddf0d5421442add7b38b89e,aceptar_entrenamiento,v3: todos los dragones (train y test) del ZIP; sin filtro de encuadre para ampliar datos.
693,train/dragon/9e098a60-efc9-4d81-a6e3-c8acf029a934.jpg,a071d8de9357e505b558cf56f1a3610b6437b1e7681debd555abf862cc857d09,aceptar_entrenamiento,v3: todos los dragones (train y test) del ZIP; sin filtro de encuadre para ampliar datos.
694,train/dragon/9e31dcef-6653-471d-a226-2d2e29e4ca80.jpg,1274c09e927c259d0f838438bbdb0fa62bf226ebbafb989135a4be5b300bf7b2,aceptar_entrenamiento,v3: todos los dragones (train y test) del ZIP; sin filtro de encuadre para ampliar datos.
695,train/dragon/9e531a15-e359-4697-80fe-36007beb147a.jpg,5de8a34cc3ef0c15d159781ebb2fdfd06cadb6104dbf40a69065e86eb4422b5a,aceptar_entrenamiento,v3: todos los dragones (train y test) del ZIP; sin filtro de encuadre para ampliar datos.
696,train/dragon/9eea494a-53c9-49ab-bcfd-0be37677eac7.jpg,f1909356762206060a8b93c30332b8326048ebabc905343f1fbfdf7dd536bccf,aceptar_entrenamiento,v3: todos los dragones (train y test) del ZIP; sin filtro de encuadre para ampliar datos.
697,train/dragon/9f4952c4-debc-458a-b2e4-d475aabc46ab.jpg,c30a7e6a3cd9b43900096bc6b8168fd0f2881fd42254bf3227e9fc18d3f97534,aceptar_entrenamiento,v3: todos los dragones (train y test) del ZIP; sin filtro de encuadre para ampliar datos.
698,train/dragon/9f51f2c7-d92b-4303-b8e6-fe55c95e565a.jpg,2fd3596728b0a7aa2aaa68845f7f1eecdfabba7261d4d0d7f8208e9fc4a198a7,aceptar_entrenamiento,v3: todos los dragones (train y test) del ZIP; sin filtro de encuadre para ampliar datos.
699,train/dragon/a0061f72-75d0-40ff-8bd8-e69abe12896f.jpg,a8ba0523acde2d5f55dbaa093bd9649b8ee47db14bd66796757b52d849ce0b0f,aceptar_entrenamiento,v3: todos los dragones (train y test) del ZIP; sin filtro de encuadre para ampliar datos.
700,train/dragon/a062787a-7b2f-486f-bb42-52debed6d497.jpg,863f4fbf8a2ad01ef76b67fb3ad8296cffd3bc7cb8c863c215d447729ff76fd6,aceptar_entrenamiento,v3: todos los dragones (train y test) del ZIP; sin filtro de encuadre para ampliar datos.
701,train/dragon/a107dc1f-f67f-4cb0-803b-bf1582c22e3d.jpg,d1ce6f4795d2f1b6b3f7a7ea2c1895af699a84a50b9450cf531eab9bd97a965f,aceptar_entrenamiento,v3: todos los dragones (train y test) del ZIP; sin filtro de encuadre para ampliar datos.
702,train/dragon/a1f18413-693e-4762-be51-b72cb605b670.jpg,ea67cc2e3f6c80deb4719a50b0ff05303974d2575e203881c415eab9bbbc5333,aceptar_entrenamiento,v3: todos los dragones (train y test) del ZIP; sin filtro de encuadre para ampliar datos.
703,train/dragon/a3425808-6afe-4c13-9114-b6797b85c8cc.jpg,ea7c0fb4a2f39bdb217d19b57e160b27a50c371bb6fb6a8e627513dc665c40e1,aceptar_entrenamiento,v3: todos los dragones (train y test) del ZIP; sin filtro de encuadre para ampliar datos.
704,train/dragon/a3470430-a20d-4a5b-a304-f8ebaf9355c2.jpg,cb2f4808d4be01a50eb9027544873db4e525b745f28c54584400e4efbc0c28a4,aceptar_entrenamiento,v3: todos los dragones (train y test) del ZIP; sin filtro de encuadre para ampliar datos.
705,train/dragon/a359ad91-5162-4f4a-8281-1e7a3d28c6ff.jpg,4beb727d254af9a54044c0341965d3f063490aa60083c62dabd47e67d9b840c7,aceptar_entrenamiento,v3: todos los dragones (train y test) del ZIP; sin filtro de encuadre para ampliar datos.
706,train/dragon/a387223b-9fee-46b4-af65-611c706483d3.jpg,39ad977e7357a00a1bacc3c4e145e159b4ce2b2d6c5659e67cddda88a2591d46,aceptar_entrenamiento,v3: todos los dragones (train y test) del ZIP; sin filtro de encuadre para ampliar datos.
707,train/dragon/a3980a40-5c33-4e60-a6d2-b232a9e7228e.jpg,92ec55b0bcefa6b082e83c73440e8ff134d5d130290b9eecebbd8e860124d801,aceptar_entrenamiento,v3: todos los dragones (train y test) del ZIP; sin filtro de encuadre para ampliar datos.
708,train/dragon/a3e34bd2-6763-4816-a8a7-5abf993f0afe.jpg,bdd61e1405d4052a8b387816ce79b3a9137ec9c31121941d20a60bb2a946cc59,aceptar_entrenamiento,v3: todos los dragones (train y test) del ZIP; sin filtro de encuadre para ampliar datos.
709,train/dragon/a4d0c1b4-67d2-4ad3-bfbc-77ab5c633dc7.jpg,3ead5d31aa81149939c3fe9b456f378e0e2ebe38aec5029357bb7b092cb17b21,aceptar_entrenamiento,v3: todos los dragones (train y test) del ZIP; sin filtro de encuadre para ampliar datos.
710,train/dragon/a563e11f-05a7-495c-b4c0-30760e57ff07.jpg,0554d33df178666f38458602cce7b5bb2aab577d140368b56a59a7d75905309d,aceptar_entrenamiento,v3: todos los dragones (train y test) del ZIP; sin filtro de encuadre para ampliar datos.
711,train/dragon/a5d168fe-848e-42e8-aae8-d6a1f4ba2a39.jpg,ede0b0cf452e55320dafc1f1cfca2133e1f797bd2517b19f8816369623f1e7e8,aceptar_entrenamiento,v3: todos los dragones (train y test) del ZIP; sin filtro de encuadre para ampliar datos.
712,train/dragon/a6316fd8-d1ae-41fb-8ee0-cda1b204128b.jpg,e7967701f45c5b80f96875e14f8e63952984a11c719474bfb1acbec66e06e333,aceptar_entrenamiento,v3: todos los dragones (train y test) del ZIP; sin filtro de encuadre para ampliar datos.
713,train/dragon/a6741512-8d99-486b-a79f-a78df782a2b4.jpg,4ad3e1cf3b8c849f46e8ecaeb03a8c3ca42e941772c5069ae3da81254cd328f4,aceptar_entrenamiento,v3: todos los dragones (train y test) del ZIP; sin filtro de encuadre para ampliar datos.
714,train/dragon/a6c9a568-31bf-4dbd-b9b2-4579f5e9dd20.jpg,2ada402d9333bc54cb03dd5b19ec5aec247b6203507ca01751e02fe0827348d7,aceptar_entrenamiento,v3: todos los dragones (train y test) del ZIP; sin filtro de encuadre para ampliar datos.
715,train/dragon/a709edb3-5d41-4202-8544-9e8532f21062.jpg,1cd923655f5a3cb99d2f2dd027ddf6b17d623c7d4bab8485c079a7596cccd63c,aceptar_entrenamiento,v3: todos los dragones (train y test) del ZIP; sin filtro de encuadre para ampliar datos.
716,train/dragon/a7b54103-2c4d-4c2e-ac70-30ea6d185758.jpg,92a742a308dee6d5ffa628fc4465d0c867ddacdaf80433e7e8cf8cab606fc84e,aceptar_entrenamiento,v3: todos los dragones (train y test) del ZIP; sin filtro de encuadre para ampliar datos.
717,train/dragon/a7ded999-33b6-4cdd-b339-a7d11ff3ac8e.jpg,db3163c71a7f897a99646e51d3bb89dcbff9e5668c25f6b85db190e61b3edea4,aceptar_entrenamiento,v3: todos los dragones (train y test) del ZIP; sin filtro de encuadre para ampliar datos.
718,train/dragon/a7f2b007-8a60-4021-87af-1e3e0d80218e.jpg,6359cf238d07bdf19f15261075d8761b00bd7e19efeb54142715283dbeb2d43b,aceptar_entrenamiento,v3: todos los dragones (train y test) del ZIP; sin filtro de encuadre para ampliar datos.
719,train/dragon/a81af7f2-c93a-406b-a765-ee03589521d2.jpg,0f81be28a3d1ff12aaa1fe8b4b224731248622a9848ef625926b6fe845ca7643,aceptar_entrenamiento,v3: todos los dragones (train y test) del ZIP; sin filtro de encuadre para ampliar datos.
720,train/dragon/a83ab73c-1025-4240-acd9-661339222138.jpg,f4186078d0d4d2e2a41989da29b69d3625dd068bfe71479c64a03c51ae4ad3b7,aceptar_entrenamiento,v3: todos los dragones (train y test) del ZIP; sin filtro de encuadre para ampliar datos.
721,train/dragon/a8ca5684-6bbd-4418-aa47-dbd707139930.jpg,1a53a58801560f6256777a40841c54bfa8cb2e1ea0084755a92744d97149a6f0,aceptar_entrenamiento,v3: todos los dragones (train y test) del ZIP; sin filtro de encuadre para ampliar datos.
722,train/dragon/a8d23b66-93b6-40fc-a796-b2f8f7e9c694.jpg,e01e2ef5d7ee7cc21d6616acfdf1f88139c95ed3842e22c1b0ce1e1ea37c4600,aceptar_entrenamiento,v3: todos los dragones (train y test) del ZIP; sin filtro de encuadre para ampliar datos.
723,train/dragon/a8e5bd0e-f528-44c6-aefe-c5a55b1cfc64.jpg,6b0bc4f668d54019e88ef431c9a9380cc307dca49f78a282b1b1bbd143e18349,aceptar_entrenamiento,v3: todos los dragones (train y test) del ZIP; sin filtro de encuadre para ampliar datos.
724,train/dragon/a8f37e5b-943a-435b-a4af-cda606aef54a.jpg,99b8259477b073fa012897f8faa100c85e832ff8b1836e4a1cdc386b3631ec60,aceptar_entrenamiento,v3: todos los dragones (train y test) del ZIP; sin filtro de encuadre para ampliar datos.
725,train/dragon/a95e3f2c-3f13-46c9-a53a-e1777aff7e3d.jpg,64b61724c57b19f735f7bb5bd03edfc3f8dcbf4beaf29879fbe6bc8cc00bc77d,aceptar_entrenamiento,v3: todos los dragones (train y test) del ZIP; sin filtro de encuadre para ampliar datos.
726,train/dragon/aa1d23c9-3be7-459c-b677-7aa32a28482c.jpg,37ea1f60f0481d9967baa92b5710e39fd5a324c8684e76f189d36b57618985c1,aceptar_entrenamiento,v3: todos los dragones (train y test) del ZIP; sin filtro de encuadre para ampliar datos.
727,train/dragon/ac63b71d-1400-48a6-8fa5-efb6b2dc3b1d.jpg,74a5df672d39b74f2fa74eed2d1b6b34a85915557d51809af72d1f25282a0513,aceptar_entrenamiento,v3: todos los dragones (train y test) del ZIP; sin filtro de encuadre para ampliar datos.
728,train/dragon/acde3ebb-9709-42c9-bee5-1d0e086000f9.jpg,61907c339452342b30db6db0a40e6d6a90823a7132d7c1f34c0b95966f1675ff,aceptar_entrenamiento,v3: todos los dragones (train y test) del ZIP; sin filtro de encuadre para ampliar datos.
729,train/dragon/ad136c7d-f457-4f80-8c8a-5107a757b917.jpg,db1eee6802fffcc9738e26a3d066ef73f8bd319c5cad5bfbfcf85b68bd1b0a0f,aceptar_entrenamiento,v3: todos los dragones (train y test) del ZIP; sin filtro de encuadre para ampliar datos.
730,train/dragon/adbad9fb-c8dc-4e10-95f7-bdb92bf2ebdc.jpg,e7bb44fa69b0543ad0034c2c6ab07ef0645702e31c4608f8c27c2a549d63d569,aceptar_entrenamiento,v3: todos los dragones (train y test) del ZIP; sin filtro de encuadre para ampliar datos.
731,train/dragon/adc7a297-6f56-4e6b-95e7-d9edd656605d.jpg,92bb7a69fbdfd80c43a2ed63b6670acf9b1feb3c4bd3a6508691cba5dd164623,aceptar_entrenamiento,v3: todos los dragones (train y test) del ZIP; sin filtro de encuadre para ampliar datos.
732,train/dragon/ae3cbe74-29d8-4abc-928d-4057b7335542.jpg,d31f328d838aa66231ada2ff383573b7e1640be7ab10d42f30bcd19ff2baa60f,aceptar_entrenamiento,v3: todos los dragones (train y test) del ZIP; sin filtro de encuadre para ampliar datos.
733,train/dragon/aee62f38-c3a3-4860-a8be-004d57d0f059.jpg,745aa6a50e4cb7ec57a1ebec1b63e96525db0cfc4d6090d654d33eb071156498,aceptar_entrenamiento,v3: todos los dragones (train y test) del ZIP; sin filtro de encuadre para ampliar datos.
734,train/dragon/af5e517b-9639-4606-803e-fa19287fecfe.jpg,a90e8a73a79477bce68c566337430714875570aef2e559a25cd3f715bd3fef16,aceptar_entrenamiento,v3: todos los dragones (train y test) del ZIP; sin filtro de encuadre para ampliar datos.
735,train/dragon/aff8a320-4be0-4096-93f2-b01787993f55.jpg,e1f7324c3c220bdbc571bb1fb6213fac712cade010036d9bfe07f3ec1709c73d,aceptar_entrenamiento,v3: todos los dragones (train y test) del ZIP; sin filtro de encuadre para ampliar datos.
736,train/dragon/b05c5d9e-4624-452c-be9f-836c8edf2863.jpg,ac95f69655394aaf8be91e9df2d6d139337d0d1992541c35e5504e7a4d65194e,aceptar_entrenamiento,v3: todos los dragones (train y test) del ZIP; sin filtro de encuadre para ampliar datos.
737,train/dragon/b05c7f92-39d3-4fab-ba0c-acaab66851b4.jpg,745005671be0d615a8835ab94009ebc94c475e632b002544246f28d73feb33f2,aceptar_entrenamiento,v3: todos los dragones (train y test) del ZIP; sin filtro de encuadre para ampliar datos.
738,train/dragon/b05f5691-d5c5-49cc-ab66-200d2f086e9b.jpg,84c16917b184b57df5206a4d36ee0a97604f369ee64b560aaf1470dc26053e2f,aceptar_entrenamiento,v3: todos los dragones (train y test) del ZIP; sin filtro de encuadre para ampliar datos.
739,train/dragon/b078e03f-3d96-4c1e-a554-42a02c5e3f0f.jpg,b835a61de5e219b5a9a32059d91586eb5657c6ba9ac67d356ffd6a9a1ae6480d,aceptar_entrenamiento,v3: todos los dragones (train y test) del ZIP; sin filtro de encuadre para ampliar datos.
740,train/dragon/b1d409f3-63c5-4ee4-8e30-c59563ad2756.jpg,e7964c1c286b680891ad7ee7d8f5bf90b1ca41f16e85aad290b4d63eac4b7dd6,aceptar_entrenamiento,v3: todos los dragones (train y test) del ZIP; sin filtro de encuadre para ampliar datos.
741,train/dragon/b2c4a3a4-9e95-4e23-8135-bda99dc62839.jpg,e989867aae81221047a66135faf4d498a392ce6c5c513686cf320328db58a5d6,aceptar_entrenamiento,v3: todos los dragones (train y test) del ZIP; sin filtro de encuadre para ampliar datos.
742,train/dragon/b3790d8c-362d-4fc2-a30b-d9568b4696f1.jpg,1a975a68d2d925a40bd2d61aba80f9d9e11f8879c532781bf4edc9dccf70d80a,aceptar_entrenamiento,v3: todos los dragones (train y test) del ZIP; sin filtro de encuadre para ampliar datos.
743,train/dragon/b3c6fb39-9128-475c-b827-c2f7466534df.jpg,5fd87d2d129eec867d80a376f99b919d6b7ee30edd1c00205d87296546ed7ebb,aceptar_entrenamiento,v3: todos los dragones (train y test) del ZIP; sin filtro de encuadre para ampliar datos.
744,train/dragon/b3c9ddf0-276b-49eb-b54c-688d7b4cc27c.jpg,45b701bb03a80f33afca385f1ca1eeefb95b5b3bfc6a2e90d9291a3bdb31b781,aceptar_entrenamiento,v3: todos los dragones (train y test) del ZIP; sin filtro de encuadre para ampliar datos.
745,train/dragon/b459a68a-23e3-4825-893e-d5554e57bbf1.jpg,0df3013243168f5efdbb1bbe344730457795449b10bf75aa12a7539968c8a35e,aceptar_entrenamiento,v3: todos los dragones (train y test) del ZIP; sin filtro de encuadre para ampliar datos.
746,train/dragon/b496e5d5-2023-4dc2-9477-4569df8a5889.jpg,535877e9db8b0d64706408f034259ee657e67966aca60604047c835ece055c9d,aceptar_entrenamiento,v3: todos los dragones (train y test) del ZIP; sin filtro de encuadre para ampliar datos.
747,train/dragon/b4f52786-1b01-49d7-b905-c0aa0ea60abe.jpg,0acb36bd374997ac8f57a0cc6bdbc754ff33fc474edabd1b0edb4070abe10c27,aceptar_entrenamiento,v3: todos los dragones (train y test) del ZIP; sin filtro de encuadre para ampliar datos.
748,train/dragon/b50b0b83-4076-4511-bf6f-3277db0c1af1.jpg,13bd367ae1104a12b399ec688a8ba290977499e96087d2760f9c05de0ae06bea,aceptar_entrenamiento,v3: todos los dragones (train y test) del ZIP; sin filtro de encuadre para ampliar datos.
749,train/dragon/b5158963-97af-4fb9-8d99-7ca4ed8c47b4.jpg,8004413c5b02e0ba79f89734adab49cd5cdb2f2ed7196bb51f1deb598aaee658,aceptar_entrenamiento,v3: todos los dragones (train y test) del ZIP; sin filtro de encuadre para ampliar datos.
750,train/dragon/b589a2a7-bb71-4099-aba8-6335f71008fc.jpg,478751406a9ea4805e8e7804ddf6340568c1612e5c15f750129ac5ddcd7dd727,aceptar_entrenamiento,v3: todos los dragones (train y test) del ZIP; sin filtro de encuadre para ampliar datos.
751,train/dragon/b58de71b-10bc-4f16-b218-274095a17ea8.jpg,89aec621016ba5bb9e9e304ee7ac80f0f26c261e6b3f4f50c77e8afa5d7748da,aceptar_entrenamiento,v3: todos los dragones (train y test) del ZIP; sin filtro de encuadre para ampliar datos.
752,train/dragon/b676d47c-2eec-4d69-9ffb-31bbfaf6ac46.jpg,e607f3ee5c15102a237a5d33406a8ebd1a25ff821c1cea9679b365e24b5ab7f3,aceptar_entrenamiento,v3: todos los dragones (train y test) del ZIP; sin filtro de encuadre para ampliar datos.
753,train/dragon/b73b055b-a7f1-4b0b-8d40-b54c9089ce31.jpg,186e7bcc962c0745a54c0928a7b326a0e233d58bed60e18e49f867a978736d43,aceptar_entrenamiento,v3: todos los dragones (train y test) del ZIP; sin filtro de encuadre para ampliar datos.
754,train/dragon/b7d33da4-4ebe-4953-8316-7943f85fb5a4.jpg,51960d679a1ce4e9aecd64bfaf9505b4026ae9e15c7ea9842cc71c543e75ff69,aceptar_entrenamiento,v3: todos los dragones (train y test) del ZIP; sin filtro de encuadre para ampliar datos.
755,train/dragon/b85a1beb-180a-4aa2-adcb-05125d508026.jpg,495b79778016178124da5d0ee0279783a6eb8d446ba934cd3a31b5d5aa3e8f8e,aceptar_entrenamiento,v3: todos los dragones (train y test) del ZIP; sin filtro de encuadre para ampliar datos.
756,train/dragon/b85a74dc-27ea-49ab-b1d0-ea893b282965.jpg,ab1412c799f2291f93040fb8f4f9e4642230539ba848dab2b9df4664a24aa130,aceptar_entrenamiento,v3: todos los dragones (train y test) del ZIP; sin filtro de encuadre para ampliar datos.
757,train/dragon/b8a46edb-5145-4398-87c3-7cef47d2fa07.jpg,0a55b96ca0ad3a4f908130216813a2c468bc212a50bf7a8f24899ed9fb623012,aceptar_entrenamiento,v3: todos los dragones (train y test) del ZIP; sin filtro de encuadre para ampliar datos.
758,train/dragon/b93f9033-98dc-4e1d-a187-3230d5c275ed.jpg,7f53ce1d01d20e3ba7d61e3a6039f69bc309abf5b3aa07186aa0e4794ad0f723,aceptar_entrenamiento,v3: todos los dragones (train y test) del ZIP; sin filtro de encuadre para ampliar datos.
759,train/dragon/bb385872-355d-43d0-baa6-07ceef38d29f.jpg,a63442d08c5ce5b51623f6b49027c5c98b04342012e8e2f540372d1d3e856823,aceptar_entrenamiento,v3: todos los dragones (train y test) del ZIP; sin filtro de encuadre para ampliar datos.
760,train/dragon/bc09c024-fd67-42f9-b3fe-6fc6f22f3e0a.jpg,29735b052bd6bc092d72955d2f83c5dd26223fb4beb9f49107f839012264b98d,aceptar_entrenamiento,v3: todos los dragones (train y test) del ZIP; sin filtro de encuadre para ampliar datos.
761,train/dragon/bc1be2a6-734d-4652-83a2-d1c12b6e7352.jpg,34aae452f009f3e2e996c9bb0a4f576db65b9c04dbe094c169753aa513c3cf93,aceptar_entrenamiento,v3: todos los dragones (train y test) del ZIP; sin filtro de encuadre para ampliar datos.
762,train/dragon/bc703c6f-88d9-4427-8e16-1eaba25eda5c.jpg,123dea6b7b167d8dd773b3257284b8720d1ac01555cb734f9b1b2357b166176a,aceptar_entrenamiento,v3: todos los dragones (train y test) del ZIP; sin filtro de encuadre para ampliar datos.
763,train/dragon/bd6ff6cb-097d-45eb-b694-c23785237891.jpg,cf887ba17c1e7e78dd961554b5ae2eff551540f27a32669bea4630f7af962d30,aceptar_entrenamiento,v3: todos los dragones (train y test) del ZIP; sin filtro de encuadre para ampliar datos.
764,train/dragon/bf5fd3b2-7139-41c5-8861-4b44a2a25f40.jpg,9e1d98e1381117f97f276bb64f353910f621cb976094b4c6dcf12fdea6d4a436,aceptar_entrenamiento,v3: todos los dragones (train y test) del ZIP; sin filtro de encuadre para ampliar datos.
765,train/dragon/bf7525d9-2d96-4cac-aa9c-2c1b8fd39017.jpg,4617a1eddf6903913290bc4b5af33d26812588135a346e31a5590b58d7b0dcbb,aceptar_entrenamiento,v3: todos los dragones (train y test) del ZIP; sin filtro de encuadre para ampliar datos.
766,train/dragon/bfaf1fd7-447f-4391-847a-6be1e766f4ae.jpg,22aa5dcbb09f7c1025fe8f935112741d012788180e87309dfafdf46edfad84bf,aceptar_entrenamiento,v3: todos los dragones (train y test) del ZIP; sin filtro de encuadre para ampliar datos.
767,train/dragon/bfd13df4-3a6c-4a84-88b1-d5de69a6d3d6.jpg,b9a0ee064d55c41d442cb7b8897282ff4e42bf855d119840b6fa847451c66977,aceptar_entrenamiento,v3: todos los dragones (train y test) del ZIP; sin filtro de encuadre para ampliar datos.
768,train/dragon/c007c478-dc45-4633-a8ea-99946cdf9a92.jpg,c12443be1cffd9a6c583ab91de671a070ccf8edb7cb7ad7361aefed5551f956d,aceptar_entrenamiento,v3: todos los dragones (train y test) del ZIP; sin filtro de encuadre para ampliar datos.
769,train/dragon/c073dc08-763f-49e7-ba7c-61b52f2b6f75.jpg,77bec5685b7193cbc63c476d18381b1e2468f71600e4f1a17c310d89dba4ac34,aceptar_entrenamiento,v3: todos los dragones (train y test) del ZIP; sin filtro de encuadre para ampliar datos.
770,train/dragon/c0752ff9-66f7-4207-9c0d-05a8263acd94.jpg,b13cc397270174fb9b41b9ff7e6be30f53bd8a7754054391a7e6781a006c3fc7,aceptar_entrenamiento,v3: todos los dragones (train y test) del ZIP; sin filtro de encuadre para ampliar datos.
771,train/dragon/c0d3a602-f994-4645-ad96-401edfec0f55.jpg,591af27cd2c987eb199b2d06d6103cab70e4f24629794efa0acd24c6f07cd467,aceptar_entrenamiento,v3: todos los dragones (train y test) del ZIP; sin filtro de encuadre para ampliar datos.
772,train/dragon/c0e3a0d2-8091-4dae-8e00-4c26437c0eab.jpg,af56b451395760a0e4c0189546287be446be163ccef85926b8c161ce42dc1a10,aceptar_entrenamiento,v3: todos los dragones (train y test) del ZIP; sin filtro de encuadre para ampliar datos.
773,train/dragon/c0fb32b3-74ae-4cfe-8097-036cf4743fab.jpg,d7df29d5f27b2a93a84e6cae60c8a19f047e604310bc1bc1c7a56397cc5e54b1,aceptar_entrenamiento,v3: todos los dragones (train y test) del ZIP; sin filtro de encuadre para ampliar datos.
774,train/dragon/c10977f0-33be-47e1-a1ce-3fbb7a909e1f.jpg,50a735562b4690454e8c9cc3f0ce9eb367d3ccd0d4da123d16aea96f76271f94,aceptar_entrenamiento,v3: todos los dragones (train y test) del ZIP; sin filtro de encuadre para ampliar datos.
775,train/dragon/c1a9c89a-d7fd-4547-aca3-3568d9a05a16.jpg,c93d260091bff9be11c9c216779e1d2a00b0979d0801499efffcdc37715b02a1,aceptar_entrenamiento,v3: todos los dragones (train y test) del ZIP; sin filtro de encuadre para ampliar datos.
776,train/dragon/c207501a-14a4-4b14-9890-cf11a47356bb.jpg,2d2053ac6f9eba3a905eefb0d6fca359aff8b9658d11cb8293d307a886d8a224,aceptar_entrenamiento,v3: todos los dragones (train y test) del ZIP; sin filtro de encuadre para ampliar datos.
777,train/dragon/c24706a1-923a-4c0f-a090-c8cf2bf5d02d.jpg,35d9b4ee2b9b54f8cc588a54371414e5400cf44e006fb54d64cd28833e8b460e,aceptar_entrenamiento,v3: todos los dragones (train y test) del ZIP; sin filtro de encuadre para ampliar datos.
778,train/dragon/c26618f0-a0b7-4d93-9eea-83c393ced62f.jpg,bc70515b303fd1ac8ee7a24e09657d6bc5a9818a280c020d845dc0290ab9bdd7,aceptar_entrenamiento,v3: todos los dragones (train y test) del ZIP; sin filtro de encuadre para ampliar datos.
779,train/dragon/c2e3455a-484c-4882-af78-c5e6c6decb3b.jpg,3cada59e45f46e277503cfcb8c019bc05da6e7343e03c7362890b3764200cc23,aceptar_entrenamiento,v3: todos los dragones (train y test) del ZIP; sin filtro de encuadre para ampliar datos.
780,train/dragon/c383ac74-f1dc-4dfd-a0d2-a1fd30e5011c.jpg,5ca8e264dbb0b0eeb88a12e1ef8fdac263f5161db1485df090ad1b3e79dd344d,aceptar_entrenamiento,v3: todos los dragones (train y test) del ZIP; sin filtro de encuadre para ampliar datos.
781,train/dragon/c3daf4ca-cab9-4da7-b90c-8f5524636664.jpg,5bfd7ea8fd91f798fcffc4803e43c5c73bd62f4806464d3cdc3ca655e186909b,aceptar_entrenamiento,v3: todos los dragones (train y test) del ZIP; sin filtro de encuadre para ampliar datos.
782,train/dragon/c44e8226-5202-40f9-9d8b-9485e5467c63.jpg,ead9c33c80f677ba12fc78b3c5fddff13351eeb9023bf825948cf03e8db8773c,aceptar_entrenamiento,v3: todos los dragones (train y test) del ZIP; sin filtro de encuadre para ampliar datos.
783,train/dragon/c4689c01-8e94-4f13-8c6b-ff9bfcb3b7b2.jpg,f843d0f26d707061af6a8d45bdabd9a37966c6f98f568671d5f58093fc60073f,aceptar_entrenamiento,v3: todos los dragones (train y test) del ZIP; sin filtro de encuadre para ampliar datos.
784,train/dragon/c4e85f07-6776-445b-be9a-f9f12b85b32a.jpg,45c4c177632e46ad7a74b80ce8967d55d86e20e64f6c9a1472547297b38ab635,aceptar_entrenamiento,v3: todos los dragones (train y test) del ZIP; sin filtro de encuadre para ampliar datos.
785,train/dragon/c5cdac64-db3a-48af-bea0-4ec1af035fa4.jpg,f16ab2ef8571dc3fd1ae81d082dbac0fe70ab507ccf6774d2d68df0d0becd77f,aceptar_entrenamiento,v3: todos los dragones (train y test) del ZIP; sin filtro de encuadre para ampliar datos.
786,train/dragon/c6067dfa-ec00-46ef-ac19-96e5f32ce428.jpg,bf12bcbb889027b8b6b35f40675f5d97a3b72cf4fe364053ee223e470fa39b57,aceptar_entrenamiento,v3: todos los dragones (train y test) del ZIP; sin filtro de encuadre para ampliar datos.
787,train/dragon/c75887d2-b8e4-4681-b4b9-5c8cef0aa80a.jpg,94e276a5ccaac23bb2a92b1740dcce5dd35970eb1c11959814786720d5c66572,aceptar_entrenamiento,v3: todos los dragones (train y test) del ZIP; sin filtro de encuadre para ampliar datos.
788,train/dragon/c7b05a75-e152-4177-8256-7ea9d0f50140.jpg,544c0f5c647030c4a3e7d08c987b2acfe108a6fe505a11a9708b27fa59d0af3c,aceptar_entrenamiento,v3: todos los dragones (train y test) del ZIP; sin filtro de encuadre para ampliar datos.
789,train/dragon/c7e61320-c2cb-465b-bb0b-787a52cc1f30.jpg,95eb042e40930c94170271b6fdcfc58aed8a3984565c657e2a14497da7249fd9,aceptar_entrenamiento,v3: todos los dragones (train y test) del ZIP; sin filtro de encuadre para ampliar datos.
790,train/dragon/c88d128d-9aac-4bae-bb38-8a8bc59ac29a.jpg,b7652c250c90a03d13ece1b31c2b17d4e0a425f69ed389cc54f95017aa434843,aceptar_entrenamiento,v3: todos los dragones (train y test) del ZIP; sin filtro de encuadre para ampliar datos.
791,train/dragon/c914b2a2-b07c-47a8-a1a6-a67fcfb8cff0.jpg,e29f9b700fbeec7a8e18c53e711688d1d574afadb260e6d092ac45d8e5f1bca2,aceptar_entrenamiento,v3: todos los dragones (train y test) del ZIP; sin filtro de encuadre para ampliar datos.
792,train/dragon/c92ae18b-dadd-4c60-9413-b4277798d62e.jpg,0308afd6d82b4ced2c02f44b5b2a54f0c9bb60ef04f387c70f555265ed0927dd,aceptar_entrenamiento,v3: todos los dragones (train y test) del ZIP; sin filtro de encuadre para ampliar datos.
793,train/dragon/c92fe96c-230f-415c-bad4-3ba39031da24.jpg,2906c16370d659dc298af3949f395f611c4fe23a36b172e59527eb5f0ec51c7f,aceptar_entrenamiento,v3: todos los dragones (train y test) del ZIP; sin filtro de encuadre para ampliar datos.
794,train/dragon/c98c60f9-945d-49d0-afe3-67e5bd8f7057.jpg,c95120a29107b38ea47f72984b8ac3ff37d1e561023cc0959042375e4c455329,aceptar_entrenamiento,v3: todos los dragones (train y test) del ZIP; sin filtro de encuadre para ampliar datos.
795,train/dragon/c9b0c6f8-a943-4f0b-91a2-17c49095df73.jpg,12f95bee7225c76436320c3b77c6ed34cc318597785235a8481a4de2ffa8411f,aceptar_entrenamiento,v3: todos los dragones (train y test) del ZIP; sin filtro de encuadre para ampliar datos.
796,train/dragon/c9e448a5-55d7-4726-a2c0-b16b1269736a.jpg,dbbaf9553159c78e09f179b390b39890e5fd549c3e8d95ab10cc4939c2ff3b59,aceptar_entrenamiento,v3: todos los dragones (train y test) del ZIP; sin filtro de encuadre para ampliar datos.
797,train/dragon/cb812ba8-a509-46ab-b841-dce8e914cb56.jpg,71b04209be78bd121437c6608d8aa2b05922ee8266cb569e56547b458956de14,aceptar_entrenamiento,v3: todos los dragones (train y test) del ZIP; sin filtro de encuadre para ampliar datos.
798,train/dragon/cbd5b8aa-9d89-415c-9ce6-6505dec3babf.jpg,07899aeb2b80692be836ec8e40533bbe884fe78a10dd0529ec7a02ba695dcd0b,aceptar_entrenamiento,v3: todos los dragones (train y test) del ZIP; sin filtro de encuadre para ampliar datos.
799,train/dragon/cbd7cbaa-ae6f-45af-9184-0e93ca0ca06f.jpg,673ec468dd4697ad39352f785a44d2f498fe227c93c7c1e018c1f478e3e1a842,aceptar_entrenamiento,v3: todos los dragones (train y test) del ZIP; sin filtro de encuadre para ampliar datos.
800,train/dragon/cbefdecf-53bb-46d2-af49-4ca45feb5899.jpg,669c6eaba58cf5f6863968e885bf6bb2df9b4e5b8175548214cacf3935a73985,aceptar_entrenamiento,v3: todos los dragones (train y test) del ZIP; sin filtro de encuadre para ampliar datos.
801,train/dragon/cc8bfda2-650f-4345-b63d-7441a9132adf.jpg,af557d4cc3e3b385b08610bab96dfbd0d9b5d46265a161185790c049b03d48d5,aceptar_entrenamiento,v3: todos los dragones (train y test) del ZIP; sin filtro de encuadre para ampliar datos.
802,train/dragon/cca46f97-ac73-41b6-b2ca-7d1de9f5a40f.jpg,fc40be1a13588367227ab3c75d4c23ab34bbc349030ad71424759eeb967487a0,aceptar_entrenamiento,v3: todos los dragones (train y test) del ZIP; sin filtro de encuadre para ampliar datos.
803,train/dragon/cca65cc3-7b8b-4a90-bd22-cdea5ccb021e.jpg,10f146db07c422ca91c4cead077360a02efd99582715e7085011a39259f0542b,aceptar_entrenamiento,v3: todos los dragones (train y test) del ZIP; sin filtro de encuadre para ampliar datos.
804,train/dragon/ccc884b3-03c7-4c16-a98e-5aa4d01eb966.jpg,990088d59a305b93a1dfd98eeb162c77873e0148c58a29ac4e7fb6db340d6086,aceptar_entrenamiento,v3: todos los dragones (train y test) del ZIP; sin filtro de encuadre para ampliar datos.
805,train/dragon/cceeaff5-606f-455b-93e6-5b1be757118d.jpg,e309ac7363294ea5f00cfc8f29abc58f0b3e5c8e619a76ff36d8bcea6df02c3e,aceptar_entrenamiento,v3: todos los dragones (train y test) del ZIP; sin filtro de encuadre para ampliar datos.
806,train/dragon/cd240fbd-20cf-4346-b099-565df7a3ea66.jpg,bb53bdefa31721849eeca4a2eb969943e682f13f796b1f329c2c44cd11c2fce4,aceptar_entrenamiento,v3: todos los dragones (train y test) del ZIP; sin filtro de encuadre para ampliar datos.
807,train/dragon/cd4493a6-7a6b-4069-9f3c-7a7faf315b15.jpg,cd0fdcc65c298b53ed750247e693bf7e5f82193ecc56befa4e4a2d9f3aac02ea,aceptar_entrenamiento,v3: todos los dragones (train y test) del ZIP; sin filtro de encuadre para ampliar datos.
808,train/dragon/ce0419c2-b6b0-4cb7-81b8-d11bf4b49208.jpg,7ba4a9ce4a9d0a8d38fa0db02242778dcfd85595e29bacd278313d8898554c71,aceptar_entrenamiento,v3: todos los dragones (train y test) del ZIP; sin filtro de encuadre para ampliar datos.
809,train/dragon/ce0de2e7-0d9e-485a-a949-1f6de426b506.jpg,99fb2c069549f0fe2071ca7aaa413699cec946bdc0f2d254c857949d93ee3a2b,aceptar_entrenamiento,v3: todos los dragones (train y test) del ZIP; sin filtro de encuadre para ampliar datos.
810,train/dragon/ce80a3a0-6f70-4e3f-9b34-e8684177cda8.jpg,9d4d4ae483b90408f2c61e1b7a78828411f8b1b4fdf84adf9ed78703ba5b19b2,aceptar_entrenamiento,v3: todos los dragones (train y test) del ZIP; sin filtro de encuadre para ampliar datos.
811,train/dragon/cf5028ae-d223-435c-afed-5c8dcf3d772b.jpg,ca90d9d0d838479973efd41e3231964569821b21e0161d396ae5d3fd42c92986,aceptar_entrenamiento,v3: todos los dragones (train y test) del ZIP; sin filtro de encuadre para ampliar datos.
812,train/dragon/cf7f95e1-2d28-49c4-a19d-5a6cff147f0f.jpg,0c67c4d393808f683e086ea539a71fb7b10955ab5a96c68e749a55037ff66742,aceptar_entrenamiento,v3: todos los dragones (train y test) del ZIP; sin filtro de encuadre para ampliar datos.
813,train/dragon/cfc669ad-313c-4e08-b0bf-4b68a1726cdd.jpg,6fbc3bb4e737c00077fa85332da5cd045f1f64cae002084cf8807f8d563b95b6,aceptar_entrenamiento,v3: todos los dragones (train y test) del ZIP; sin filtro de encuadre para ampliar datos.
814,train/dragon/cfe8c89c-87ca-4b7a-8358-f843064e37b8.jpg,49c49b2cc0ec431eddf0bc7ba9c404a4a7478515de3647e17fb9d40c2a185ee5,aceptar_entrenamiento,v3: todos los dragones (train y test) del ZIP; sin filtro de encuadre para ampliar datos.
815,train/dragon/cff75783-d698-4d3f-8395-201d8718ad66.jpg,b5ab12f8c49c8a9a35f66805ac6e78ff3a398e468de5144fee338455cb57d7f7,aceptar_entrenamiento,v3: todos los dragones (train y test) del ZIP; sin filtro de encuadre para ampliar datos.
816,train/dragon/d05c73c6-673f-4e38-bc35-ec2686a34383.jpg,35f43dd7bd8f3254618f7ed652abde9c4a68755c7fce66f12653c1ee10584de2,aceptar_entrenamiento,v3: todos los dragones (train y test) del ZIP; sin filtro de encuadre para ampliar datos.
817,train/dragon/d09223c7-c0c4-44db-9495-78847d9bd316.jpg,24a28a2d9c4e9b9f2c44fe409b944f5a7436621ecac260df0c6f6dc64d03cd18,aceptar_entrenamiento,v3: todos los dragones (train y test) del ZIP; sin filtro de encuadre para ampliar datos.
818,train/dragon/d0fef1b4-cc90-48ec-8d5a-9e84eda7f0d7.jpg,26134e81acf82feefed923eb9679b8cad3f0905cac0bbc395fae9230499e76a7,aceptar_entrenamiento,v3: todos los dragones (train y test) del ZIP; sin filtro de encuadre para ampliar datos.
819,train/dragon/d15183ac-9a3a-47ac-b0ac-0aae24eb879d.jpg,0e773983cec49a1fe2fd2381581f2ef929e4238968ab1d134519ffacaefe3253,aceptar_entrenamiento,v3: todos los dragones (train y test) del ZIP; sin filtro de encuadre para ampliar datos.
820,train/dragon/d1da14c7-1202-4686-b803-235fb0dddadd.jpg,cc817e1b03fd5b35e9847d714448f59659e38c87bba3e4a5955ebf9fd0cc18b9,aceptar_entrenamiento,v3: todos los dragones (train y test) del ZIP; sin filtro de encuadre para ampliar datos.
821,train/dragon/d1eae92c-91f7-47b7-9f5e-f4c4b74058f4.jpg,8e166ab40f3bb5bfa87fa82af0ca2e5d82298628137ccc71b94104d4cdc057e7,aceptar_entrenamiento,v3: todos los dragones (train y test) del ZIP; sin filtro de encuadre para ampliar datos.
822,train/dragon/d26f5750-791e-492e-8137-033b6377aab1.jpg,597aa46188151d86881a27d2d9568e4c9f9a7e42964b0f294278426bf9005df0,aceptar_entrenamiento,v3: todos los dragones (train y test) del ZIP; sin filtro de encuadre para ampliar datos.
823,train/dragon/d2984f32-1067-4fc8-a3ab-3cc38a04cb8e.jpg,f20daee824d1ae13af37b5326b04542f831b323695192834a87216e1c737ae13,aceptar_entrenamiento,v3: todos los dragones (train y test) del ZIP; sin filtro de encuadre para ampliar datos.
824,train/dragon/d38f901c-d7b5-42b6-9de6-bea7eb5856fb.jpg,13ccea35e6412fb61c48688ca5b11e3c37fa4a3f1b5ed3c1bc92a72622b889fd,aceptar_entrenamiento,v3: todos los dragones (train y test) del ZIP; sin filtro de encuadre para ampliar datos.
825,train/dragon/d3b2a02c-6464-4f07-b956-5eab30c84e1c.jpg,51ebf60350e7e3aa0e3b70a4b6a61cafd29638f7d7223814f4095a2c87773dea,aceptar_entrenamiento,v3: todos los dragones (train y test) del ZIP; sin filtro de encuadre para ampliar datos.
826,train/dragon/d3cd301b-435b-46a5-b4bd-73dd2d32b94b.jpg,87eb3bb9145613abeedf5590c92fdfd539c1161a49f7496ee3cd4659e85832ba,aceptar_entrenamiento,v3: todos los dragones (train y test) del ZIP; sin filtro de encuadre para ampliar datos.
827,train/dragon/d41599cc-1ccd-432f-a727-4c2e4db5813a.jpg,95badf631de682972c2586016ad49748ca7b0d33fa3411d40d5dfd6dbef04dcb,aceptar_entrenamiento,v3: todos los dragones (train y test) del ZIP; sin filtro de encuadre para ampliar datos.
828,train/dragon/d4536e2f-2ad0-45c5-a703-4a01b30289c8.jpg,7b81d5df597e520f1fe52f94f10051906f5ece759f74092a0f69010f326fa654,aceptar_entrenamiento,v3: todos los dragones (train y test) del ZIP; sin filtro de encuadre para ampliar datos.
829,train/dragon/d4ae063f-cef2-4a66-990d-3837910bea2f.jpg,5952e890cb8add0e78a6e29166c0b57fd16cb8e304fa968b36c2c7668a9a2669,aceptar_entrenamiento,v3: todos los dragones (train y test) del ZIP; sin filtro de encuadre para ampliar datos.
830,train/dragon/d4c937a4-4d06-434a-961a-f61cc889bbef.jpg,008fa5502e8d7be81ef72766ad380bc7de5ab1f802a79ec96cf34352aa59b79e,aceptar_entrenamiento,v3: todos los dragones (train y test) del ZIP; sin filtro de encuadre para ampliar datos.
831,train/dragon/d4f0425d-aeda-496f-a322-7883d6d75efc.jpg,b40d1b851dd87c5aacb01ec26f575e30519554027765b73d2494126ea6490af2,aceptar_entrenamiento,v3: todos los dragones (train y test) del ZIP; sin filtro de encuadre para ampliar datos.
832,train/dragon/d50fb223-da04-4ccc-b184-8f174052ed5c.jpg,f2b2b450ecf7598c302245aa694becebaa0e8599645a10416fb26a67c68055fb,aceptar_entrenamiento,v3: todos los dragones (train y test) del ZIP; sin filtro de encuadre para ampliar datos.
833,train/dragon/d52e972b-a18f-4d4e-a1e8-959be32e730f.jpg,6af6beb51fe407591c89ae8d5269b2df44eb76118e630e2db1271abe1df7a142,aceptar_entrenamiento,v3: todos los dragones (train y test) del ZIP; sin filtro de encuadre para ampliar datos.
834,train/dragon/d53ee404-6fd8-4702-8a72-7d4a4c38ba9d.jpg,1dbf19de79cdf275b583223685624858aa5711b74c35ba8adf58571aeb6c483a,aceptar_entrenamiento,v3: todos los dragones (train y test) del ZIP; sin filtro de encuadre para ampliar datos.
835,train/dragon/d5760764-f9dc-4b00-8518-742e8ecc575a.jpg,d3478a125eda429b9dd7bf412858f0ac90a1863cda6461f1c6ff43a1b1a17bfa,aceptar_entrenamiento,v3: todos los dragones (train y test) del ZIP; sin filtro de encuadre para ampliar datos.
836,train/dragon/d5858ca4-18dc-4214-9887-7a93c6787a40.jpg,e9fef271ea87c092cace8d41a3a4d5ef744b79e8b46312384ebb2a9087062688,aceptar_entrenamiento,v3: todos los dragones (train y test) del ZIP; sin filtro de encuadre para ampliar datos.
837,train/dragon/d5e5c202-bc64-4ba0-b8e1-42ba30ee90e5.jpg,e31baf1b4510afd076e5ea2126a4f72a606584fa9036b5823986b53421679934,aceptar_entrenamiento,v3: todos los dragones (train y test) del ZIP; sin filtro de encuadre para ampliar datos.
838,train/dragon/d6111a62-87ff-4fb2-9196-d2b927bbca04.jpg,66839dcfadd4afb36b12054d97487237ecb08db196d77a7f591ec3ec8c61cb71,aceptar_entrenamiento,v3: todos los dragones (train y test) del ZIP; sin filtro de encuadre para ampliar datos.
839,train/dragon/d6335001-c2b2-401d-ba3a-ba54faeb0875.jpg,dc555f24e1a78c0775b052dc1e4ebda2ea8c55c78246d90b53466d7d69ea9093,aceptar_entrenamiento,v3: todos los dragones (train y test) del ZIP; sin filtro de encuadre para ampliar datos.
840,train/dragon/d684d482-3e29-4084-b3bb-4970781f7539.jpg,5863dc2b691db518e8024c2c6640e40270ecc4f1582a8814fccc05a3fdfbe114,aceptar_entrenamiento,v3: todos los dragones (train y test) del ZIP; sin filtro de encuadre para ampliar datos.
841,train/dragon/d6c3b759-3130-4c86-9801-be814112f99b.jpg,fe2f6df6821f6b55ab044a13d4b8899bd87a66b200f442dbd93a81a0a6840960,aceptar_entrenamiento,v3: todos los dragones (train y test) del ZIP; sin filtro de encuadre para ampliar datos.
842,train/dragon/d6d17762-d535-4b11-9b74-3866632aa4bf.jpg,07625fdca27ac926109ced6274ff78b3163e5e6e7a0f14e01a1da2d15fee1c66,aceptar_entrenamiento,v3: todos los dragones (train y test) del ZIP; sin filtro de encuadre para ampliar datos.
843,train/dragon/d71ed558-77e1-496e-a10e-98287d53ada7.jpg,0fc094439bec71d1b04941116300e3a1408c7f0dc5dae56aa68652428a930ecd,aceptar_entrenamiento,v3: todos los dragones (train y test) del ZIP; sin filtro de encuadre para ampliar datos.
844,train/dragon/d811fff7-c851-4794-8361-cee139c9c053.jpg,3266e2bdb50256c19d00e12d5b6541b405d88d022742fadc4595225803b9bab8,aceptar_entrenamiento,v3: todos los dragones (train y test) del ZIP; sin filtro de encuadre para ampliar datos.
845,train/dragon/d8937b9a-3578-4e96-a761-67fea4b0e5ca.jpg,9c0cd80ed7b765155250c3894ecf262c03578c170f413f78fe64c2c88e5dfed8,aceptar_entrenamiento,v3: todos los dragones (train y test) del ZIP; sin filtro de encuadre para ampliar datos.
846,train/dragon/d8b965c6-c45d-4231-90b2-6b75e61e374f.jpg,8ec6db97f1385133e80d50752b8e2a597ec720f3d7c9dc3f52fc00872d56220e,aceptar_entrenamiento,v3: todos los dragones (train y test) del ZIP; sin filtro de encuadre para ampliar datos.
847,train/dragon/d91464af-52eb-4b4e-9f02-b6d0fda93ff1.jpg,6ef879166da33aacae5deea94356ede2f65be491525bd69c826ee526e3c0f872,aceptar_entrenamiento,v3: todos los dragones (train y test) del ZIP; sin filtro de encuadre para ampliar datos.
848,train/dragon/d9f72aad-7a23-442e-a2ba-71ccbc694c21.jpg,50181f699592a4679a9a8e6cbac67c7bf8db5f5fc4267abf50553071e0a76c9a,aceptar_entrenamiento,v3: todos los dragones (train y test) del ZIP; sin filtro de encuadre para ampliar datos.
849,train/dragon/db6f6d76-87b3-4368-8be2-2b2eb00f1c09.jpg,69ed8ea87975b910eac3c5c49f2bd4146dbd350a0edefa1deaefc0626326d87a,aceptar_entrenamiento,v3: todos los dragones (train y test) del ZIP; sin filtro de encuadre para ampliar datos.
850,train/dragon/db92e2a7-ec37-45d3-a6a4-f7615cd3c6ca.jpg,db8e1f9ba434fe60244e8440d0b66c87c8bcb4cef073947efd0ffd8eb5edaccc,aceptar_entrenamiento,v3: todos los dragones (train y test) del ZIP; sin filtro de encuadre para ampliar datos.
851,train/dragon/dc0004a2-afbc-4bc7-9591-dca8c2aa94a5.jpg,9cbeb11e966cc4767f7573551dacf87b9bb666517625c433fca3ac3697cb0a63,aceptar_entrenamiento,v3: todos los dragones (train y test) del ZIP; sin filtro de encuadre para ampliar datos.
852,train/dragon/dc2f1345-cfee-4ee3-9258-c7f4580f863e.jpg,bc88f6c7211727404de3afede06e4dff90a3a9a9e001159b3ce5653df8bf982b,aceptar_entrenamiento,v3: todos los dragones (train y test) del ZIP; sin filtro de encuadre para ampliar datos.
853,train/dragon/dc429d20-3473-4679-83ca-f52de784fb64.jpg,472c9f2a10eec004eb87413892e5575cc719e5d4c52f928551cc53976a5a9ca9,aceptar_entrenamiento,v3: todos los dragones (train y test) del ZIP; sin filtro de encuadre para ampliar datos.
854,train/dragon/dc89e7c9-01d8-467d-addc-addd0ed6a0df.jpg,728a25b30db47a14bcfdc3a551c4a73d1f6480ec970d204864b88770a551c66a,aceptar_entrenamiento,v3: todos los dragones (train y test) del ZIP; sin filtro de encuadre para ampliar datos.
855,train/dragon/dcb7c758-678e-4409-b41c-94b575a5f1c7.jpg,39ef1a74c3ee537ca16550b0095581a915fe50384231514989a66e94b1e9c0a1,aceptar_entrenamiento,v3: todos los dragones (train y test) del ZIP; sin filtro de encuadre para ampliar datos.
856,train/dragon/dd69efd6-38d1-434f-8d54-46c42213b813.jpg,784bc53f3efba445703314d4108bd00f913b88d23444628b2d719a2db175d2c9,aceptar_entrenamiento,v3: todos los dragones (train y test) del ZIP; sin filtro de encuadre para ampliar datos.
857,train/dragon/dd8e82f4-1f5c-4966-86d7-43c7ed32c8ba.jpg,ee35b45202d29ba759bc5cd16ce97982d738262f56f8b009f0b2028fe64ecb4a,aceptar_entrenamiento,v3: todos los dragones (train y test) del ZIP; sin filtro de encuadre para ampliar datos.
858,train/dragon/ddc07e29-5005-4227-aedb-a22d4027a132.jpg,723686ca72c57926059925b97af6eb72509be788a4e7a9d59941731e8c9698fe,aceptar_entrenamiento,v3: todos los dragones (train y test) del ZIP; sin filtro de encuadre para ampliar datos.
859,train/dragon/dde1e101-2153-454f-9ebd-71d34a2e6438.jpg,43a28043246bf82c4d43ece7165aeaaa4b17b1c3ef2d97dabe6193d418620cbc,aceptar_entrenamiento,v3: todos los dragones (train y test) del ZIP; sin filtro de encuadre para ampliar datos.
860,train/dragon/de1c529c-c768-4b49-a436-f77de21ceb07.jpg,85f9b502430c9b3947f9fd13022d643822c36471ed4aaba967a2753404ca21ad,aceptar_entrenamiento,v3: todos los dragones (train y test) del ZIP; sin filtro de encuadre para ampliar datos.
861,train/dragon/de251529-0b30-4ada-93e4-b235936c57f2.jpg,457035179499dc5e2bd8bbdaa5db12e207755b19629e528e1c7b5431118566da,aceptar_entrenamiento,v3: todos los dragones (train y test) del ZIP; sin filtro de encuadre para ampliar datos.
862,train/dragon/de4ddbac-cb2c-4bbe-842c-e76d7f7df07f.jpg,89dbac98bfaed1e5c6f96dccc85844b3417ef84690dedb768d2128661d22ff40,aceptar_entrenamiento,v3: todos los dragones (train y test) del ZIP; sin filtro de encuadre para ampliar datos.
863,train/dragon/debc719e-44b1-48b0-81a5-ff7ce4021a91.jpg,bed7ac543bc34bb09e4a27735f68c29c4981fdb57c9d5fc30feb146869fb428a,aceptar_entrenamiento,v3: todos los dragones (train y test) del ZIP; sin filtro de encuadre para ampliar datos.
864,train/dragon/dedc08ee-c246-4a14-b2b3-fc481984375a.jpg,947668792bb300818d1bddc61be424b9cbb28468cd279d36fc6634866a69c91d,aceptar_entrenamiento,v3: todos los dragones (train y test) del ZIP; sin filtro de encuadre para ampliar datos.
865,train/dragon/df7cdce6-f38c-41d6-8499-66258d00d3f7.jpg,720220636523704b1db9adc9672863a029b6439200433e9e50c5856ed896c111,aceptar_entrenamiento,v3: todos los dragones (train y test) del ZIP; sin filtro de encuadre para ampliar datos.
866,train/dragon/dfd469ca-1e36-46cc-97f6-729e2cfd651d.jpg,c1c34d278e76ea7082e2f3177ec2ace732454b7b6abec35ee097e4736bd90c5c,aceptar_entrenamiento,v3: todos los dragones (train y test) del ZIP; sin filtro de encuadre para ampliar datos.
867,train/dragon/e0527870-1e6c-450a-8172-c08bf2fd86e9.jpg,e560b8a0edb3e98f9b9cea0906031936f86193cca5b727a7f5363294d0b5b64d,aceptar_entrenamiento,v3: todos los dragones (train y test) del ZIP; sin filtro de encuadre para ampliar datos.
868,train/dragon/e1120ba0-4528-49fc-8ba5-87994a1e04cb.jpg,0f63bed39d2f51534c4861e292580a6c35a116c89cd080e99c6755648250bf88,aceptar_entrenamiento,v3: todos los dragones (train y test) del ZIP; sin filtro de encuadre para ampliar datos.
869,train/dragon/e1723b3a-f6e4-4fc5-8393-db580e2e685b.jpg,197a3062323c3edb8884e8053bd791198ffa13a1de6fc036609485fd367d9c3b,aceptar_entrenamiento,v3: todos los dragones (train y test) del ZIP; sin filtro de encuadre para ampliar datos.
870,train/dragon/e1e47b3d-789c-4a88-9e08-d6ef5a20322c.jpg,2665f9c7d20ad09c786eb39fd1e3bee6cf50580239c4ea070f1f5069da9487ac,aceptar_entrenamiento,v3: todos los dragones (train y test) del ZIP; sin filtro de encuadre para ampliar datos.
871,train/dragon/e2e38c77-facc-42db-afba-e79eb1ab9a95.jpg,2daf87a043a1a594294af2ba31c31bb23b8d17f04d5997b6dc450a423a536b9c,aceptar_entrenamiento,v3: todos los dragones (train y test) del ZIP; sin filtro de encuadre para ampliar datos.
872,train/dragon/e3330afe-001c-4cac-a983-761d6b929e5f.jpg,b5b25f7f6f7cd2a1f14cbe918d81e19d3cdead1e694615ad8f0abe6008f662b3,aceptar_entrenamiento,v3: todos los dragones (train y test) del ZIP; sin filtro de encuadre para ampliar datos.
873,train/dragon/e3a5026a-379f-4393-a295-ced0026bf642.jpg,6e17392ae7788923d00d0343c7b3c12bec13a129ad39dd67ec3230add39994cc,aceptar_entrenamiento,v3: todos los dragones (train y test) del ZIP; sin filtro de encuadre para ampliar datos.
874,train/dragon/e3fecf1c-d07a-4c79-88f2-06a74388592e.jpg,4d9f6d494e09d8c98175bb71473fa5b4d7943c49b2e081eb383673efcb40a6b0,aceptar_entrenamiento,v3: todos los dragones (train y test) del ZIP; sin filtro de encuadre para ampliar datos.
875,train/dragon/e446f98c-dc6a-4aa9-b409-9d0758d75bad.jpg,8e4a4fc43b2573e0bb347e30ebe8aa7d02ada27ca80546cc28f2a970fbb18e89,aceptar_entrenamiento,v3: todos los dragones (train y test) del ZIP; sin filtro de encuadre para ampliar datos.
876,train/dragon/e45b7e93-01e5-436b-a7b6-0bf6f84ce8b6.jpg,183ec91737203b0345a5f6d417598f78532fcc569cc42ca967fadffb3db97610,aceptar_entrenamiento,v3: todos los dragones (train y test) del ZIP; sin filtro de encuadre para ampliar datos.
877,train/dragon/e4715e1a-3d1b-428d-9102-5e96387773a2.jpg,54557ecb65a1215ca019ea74b2e744b1ed9a9674635b6f642993c479782351be,aceptar_entrenamiento,v3: todos los dragones (train y test) del ZIP; sin filtro de encuadre para ampliar datos.
878,train/dragon/e4d2a6a9-252f-460c-8fef-543d888d7566.jpg,96d3557d2b59233ed0e6af325286e4d59ecbaa602321d71efe892c588d12f496,aceptar_entrenamiento,v3: todos los dragones (train y test) del ZIP; sin filtro de encuadre para ampliar datos.
879,train/dragon/e5078a45-67b6-4810-ae99-a414c73908c3.jpg,e82872889f275e7df9d47acdab543e744d60952225a53325e801ce34e74a5b45,aceptar_entrenamiento,v3: todos los dragones (train y test) del ZIP; sin filtro de encuadre para ampliar datos.
880,train/dragon/e5186d83-23db-45ac-a8d0-03f5de7f8fd8.jpg,74ddb3b92db00fef01faa7e5e0d255d6f874aa2beceef00929f417093bda4311,aceptar_entrenamiento,v3: todos los dragones (train y test) del ZIP; sin filtro de encuadre para ampliar datos.
881,train/dragon/e57cd693-910b-4859-a99a-552c9de65ede.jpg,f7c0636fd6781bfe8e9998f270ce460b254ebb834750bbf2c8c30a02cbfdd64b,aceptar_entrenamiento,v3: todos los dragones (train y test) del ZIP; sin filtro de encuadre para ampliar datos.
882,train/dragon/e5942c02-a8df-45ed-966a-9aab6dd5d83c.jpg,dfeb286f4c88c7e24e4ce24bf751bdc1c6a19a58988b8f8afb73faf94e7bbaca,aceptar_entrenamiento,v3: todos los dragones (train y test) del ZIP; sin filtro de encuadre para ampliar datos.
883,train/dragon/e61477b2-40b3-4edb-bf88-46183186e10a.jpg,629e488b5916c60cf23898128a4a33a718ff78fd4a0df2d0e3d306bba7b4a9eb,aceptar_entrenamiento,v3: todos los dragones (train y test) del ZIP; sin filtro de encuadre para ampliar datos.
884,train/dragon/e61f7317-3947-4dd3-aaf3-9aabbbb5edf5.jpg,bd3cc7db1a6f9eb1eaf403e734f240690561cb9180fa7da40071be6b55d36083,aceptar_entrenamiento,v3: todos los dragones (train y test) del ZIP; sin filtro de encuadre para ampliar datos.
885,train/dragon/e6f43878-6e72-4858-ae4d-8ff81c2c2659.jpg,c74b4d5efb6acb3922f5698e1e7e1712634cabf82b6942b9e4c2084ccab78e77,aceptar_entrenamiento,v3: todos los dragones (train y test) del ZIP; sin filtro de encuadre para ampliar datos.
886,train/dragon/e6fc342c-3e41-4b17-892b-8449b724261b.jpg,ae3a756da7704472a6c60da280081ae97ce881e29915e2dfd5488f40d40e7e73,aceptar_entrenamiento,v3: todos los dragones (train y test) del ZIP; sin filtro de encuadre para ampliar datos.
887,train/dragon/e7039e86-9bef-4a01-b1e5-39af11497df9.jpg,8cbd172e007c3214fbfbb8889bd2d315cc15dfd13ed7bde2a8a95531664ff06c,aceptar_entrenamiento,v3: todos los dragones (train y test) del ZIP; sin filtro de encuadre para ampliar datos.
888,train/dragon/e73176fc-4b02-4cf3-b156-c25dcf93847c.jpg,05137f321b100e86bcb034b83307d4fc2367d126798299b7af280732c031526a,aceptar_entrenamiento,v3: todos los dragones (train y test) del ZIP; sin filtro de encuadre para ampliar datos.
889,train/dragon/e73a371e-0304-4fe8-833b-33f5de1b3051.jpg,116b70a1969f205c3a8384b43eddb23d003798f7aa7948fc54aed0608f1b5ed1,aceptar_entrenamiento,v3: todos los dragones (train y test) del ZIP; sin filtro de encuadre para ampliar datos.
890,train/dragon/e7c7c384-9aac-4e8f-a77a-1dc2604419ff.jpg,ed720be73999c6da8eb370548cab4c0a2f9c5ebdaea2d9a3f6d681011010fb37,aceptar_entrenamiento,v3: todos los dragones (train y test) del ZIP; sin filtro de encuadre para ampliar datos.
891,train/dragon/e7d03c8c-f24c-4a0f-8ade-9818d85ba09d.jpg,59680d4d49b3d9251cfd791f9f80de928aacf4b7488e411a5cedd76f7cf981cc,aceptar_entrenamiento,v3: todos los dragones (train y test) del ZIP; sin filtro de encuadre para ampliar datos.
892,train/dragon/e7dc7a5c-7b86-46ad-9649-54e8fef4400a.jpg,7606ca46eb2c1fc94a0c36d9f409f6116c8a0028e53f3b45e9783d8527f970be,aceptar_entrenamiento,v3: todos los dragones (train y test) del ZIP; sin filtro de encuadre para ampliar datos.
893,train/dragon/e7df5f03-5905-4e3b-a69f-e83eb63279e7.jpg,3995df00d089796ae95176d5f7f75fa1c62520d1b5f12853bd64a0c96d282525,aceptar_entrenamiento,v3: todos los dragones (train y test) del ZIP; sin filtro de encuadre para ampliar datos.
894,train/dragon/e7fa2b12-0486-4231-9f62-105a897daf9b.jpg,21f6e91b14a6da1a282e31b5393970317562e61656ad4e193d8678492b839e2b,aceptar_entrenamiento,v3: todos los dragones (train y test) del ZIP; sin filtro de encuadre para ampliar datos.
895,train/dragon/ea1aa7f7-d7a5-4eb2-ba2c-58feadacc78d.jpg,84f3e3989e9296a5c047d38efe8ba9094daf19060b3233cd54eb1705483f4cdd,aceptar_entrenamiento,v3: todos los dragones (train y test) del ZIP; sin filtro de encuadre para ampliar datos.
896,train/dragon/ea4279b2-2021-4508-b52f-3870aceb4bee.jpg,54354925dccd730df7a505d4f6939cb0498ce7702043e9233a97c3f2b2323efb,aceptar_entrenamiento,v3: todos los dragones (train y test) del ZIP; sin filtro de encuadre para ampliar datos.
897,train/dragon/ea58ca8d-7d5c-4f2c-950b-c1896bad702c.jpg,4d686e94c2682ac5d6be6f0cb6fc7b679bcd4eb738bc841927fb5f8e93a360ad,aceptar_entrenamiento,v3: todos los dragones (train y test) del ZIP; sin filtro de encuadre para ampliar datos.
898,train/dragon/eac6cbac-8bfa-47cc-b9e9-c73d0d4b67c9.jpg,6e95a24f4ac6dc68114fd4dbf3dee8eed81b253f1c0b74cdb3ddd3ec34f6424c,aceptar_entrenamiento,v3: todos los dragones (train y test) del ZIP; sin filtro de encuadre para ampliar datos.
899,train/dragon/eb02453f-6369-4101-b9a7-69c124b09da4.jpg,651dac33e9e49593ceead63228b7ea95364fb77af3a99667658b9dcd473b6194,aceptar_entrenamiento,v3: todos los dragones (train y test) del ZIP; sin filtro de encuadre para ampliar datos.
900,train/dragon/ebca987a-ab12-44e6-b316-7e0645b25b34.jpg,e676a892adc119ee1302b2d69c8e72c636362b6fa076d6212caa8d742dc458c4,aceptar_entrenamiento,v3: todos los dragones (train y test) del ZIP; sin filtro de encuadre para ampliar datos.
901,train/dragon/ec158051-6286-42f6-9fe0-1b3a4c3fb8ca.jpg,2b4e9140683e1188a65bcf741cf835fd4c9e870f2945887e9bc1e4cbba2773fd,aceptar_entrenamiento,v3: todos los dragones (train y test) del ZIP; sin filtro de encuadre para ampliar datos.
902,train/dragon/ec63b49c-4e99-43c5-bc1f-bcedc82dddd6.jpg,c81e3c0b165f6e2e5e5e8a81515974041a24502ee9b10acacd1761ba5840f047,aceptar_entrenamiento,v3: todos los dragones (train y test) del ZIP; sin filtro de encuadre para ampliar datos.
903,train/dragon/ecc3bf42-7540-4b8a-b1aa-30b7f15bd6fe.jpg,e3cc871393982d3ead4538fa7a8a252ab9a4369481ff957a59bd8336ad1f708b,aceptar_entrenamiento,v3: todos los dragones (train y test) del ZIP; sin filtro de encuadre para ampliar datos.
904,train/dragon/ecd9dd51-1466-48fa-afd8-004a5b1316e8.jpg,464d91d9bfa042aa9f5162a8f439ba4ffc5f9e66fff9ce49b92287aaa4c93a4c,aceptar_entrenamiento,v3: todos los dragones (train y test) del ZIP; sin filtro de encuadre para ampliar datos.
905,train/dragon/ed77e16c-5e69-40b6-91f0-fcb56e95b9f2.jpg,13a35173c9833e319adc24b0268ef5009a0bccde6b22520b29009da10d4aaac8,aceptar_entrenamiento,v3: todos los dragones (train y test) del ZIP; sin filtro de encuadre para ampliar datos.
906,train/dragon/ed87d70d-c079-4c15-a7e8-beabab9b6e9b.jpg,4936caff02a7b5d9e09cbabf418fa8fab670a9b623e7866174277e04552bc03e,aceptar_entrenamiento,v3: todos los dragones (train y test) del ZIP; sin filtro de encuadre para ampliar datos.
907,train/dragon/ede84a5f-5d83-4a8e-bef1-dbdbe656ce44.jpg,7f9651dc5f07e429a5095d140268a9674056e35496aed2ab6cc818b066a9c968,aceptar_entrenamiento,v3: todos los dragones (train y test) del ZIP; sin filtro de encuadre para ampliar datos.
908,train/dragon/ee066780-0b53-49ae-8988-f19c8081296c.jpg,d1bcfae70f4ff4940e36e5e88da901a2e802d39e75e74501041b8d6e4c9eb88e,aceptar_entrenamiento,v3: todos los dragones (train y test) del ZIP; sin filtro de encuadre para ampliar datos.
909,train/dragon/ee6f735b-9806-47a4-8271-191f4e533eaa.jpg,4e61574301f2ecb350c20e06d011f24828e57b0eb9e53e795be62d36d9bb9ce4,aceptar_entrenamiento,v3: todos los dragones (train y test) del ZIP; sin filtro de encuadre para ampliar datos.
910,train/dragon/ee9613dd-9c54-4480-a078-78514ce5b8b5.jpg,1d9f501d1637dc52a567206ee3b276eed8835252cd6b8f6fdbffd51be68b1c56,aceptar_entrenamiento,v3: todos los dragones (train y test) del ZIP; sin filtro de encuadre para ampliar datos.
911,train/dragon/eea19bcd-4c38-4882-95a2-9f30ef80a8f5.jpg,79b999bbb7d90aeaf249611ce70b5e6d8b3823832c6e5d272f4916316d5e557e,aceptar_entrenamiento,v3: todos los dragones (train y test) del ZIP; sin filtro de encuadre para ampliar datos.
912,train/dragon/eebd91cb-5abf-4368-b7f2-a5f5b2e227ca.jpg,bddd5366debcbcc3586bb7ed85ae3e556a81a15199d4722fad2cb87c3424ebb3,aceptar_entrenamiento,v3: todos los dragones (train y test) del ZIP; sin filtro de encuadre para ampliar datos.
913,train/dragon/ef6c3cc2-e6cc-44a1-8d15-e4d81ae79105.jpg,49d059890d9820cbf656cde22de2090170d7cde753a24ee08afe00dd0dedf92d,aceptar_entrenamiento,v3: todos los dragones (train y test) del ZIP; sin filtro de encuadre para ampliar datos.
914,train/dragon/f04f20a0-d08c-4ed4-ae2f-c52e20a7c5ff.jpg,f570bc3a99febb569a1747459de4d27d57874a8b553a421bf47f537ce0c67f1c,aceptar_entrenamiento,v3: todos los dragones (train y test) del ZIP; sin filtro de encuadre para ampliar datos.
915,train/dragon/f0ef9964-8432-4e5a-9e51-f85cfc46857b.jpg,45d10b1a9b5055004087649f7b37d214f2498294bcc939c51443f48089cd9861,aceptar_entrenamiento,v3: todos los dragones (train y test) del ZIP; sin filtro de encuadre para ampliar datos.
916,train/dragon/f14b77a2-a535-458c-a641-7c273789c55d.jpg,d9f6bfcd26b3e9e827ae84f6ec595e32fd9cd77cd9b7f7eb6a51046a36127728,aceptar_entrenamiento,v3: todos los dragones (train y test) del ZIP; sin filtro de encuadre para ampliar datos.
917,train/dragon/f1874a1f-9f3f-4216-a728-936ab7091601.jpg,98898cf9299f4e8f7b84b698d657f2b8005b5cf75b7f13229b0cf9e1af31f29e,aceptar_entrenamiento,v3: todos los dragones (train y test) del ZIP; sin filtro de encuadre para ampliar datos.
918,train/dragon/f1ad5043-793b-4be5-849a-f513607cf3a4.jpg,eeed9144b0242278eea7e11a82b03f66dc1d694a46967d166f0edf31d6cf4281,aceptar_entrenamiento,v3: todos los dragones (train y test) del ZIP; sin filtro de encuadre para ampliar datos.
919,train/dragon/f1b9b640-0687-4f9c-a357-45c5c8f712bb.jpg,508cf234f61c1fbeaa5c77f3d2fc94600236cbe225733d4fe59734565ef2d6d5,aceptar_entrenamiento,v3: todos los dragones (train y test) del ZIP; sin filtro de encuadre para ampliar datos.
920,train/dragon/f205fc43-8d57-4ba5-8fa4-2e38fef1a2fb.jpg,4e3e35779f4f5db9a9d1b6fab2ee44216d268441bfa7b720f25f93922e343bea,aceptar_entrenamiento,v3: todos los dragones (train y test) del ZIP; sin filtro de encuadre para ampliar datos.
921,train/dragon/f284217c-0873-4c86-856b-bb4b8e0d4f73.jpg,fd72fa417a46fb303183076a447dd8eb5353f2097ff3d58ded9027af5dfaf812,aceptar_entrenamiento,v3: todos los dragones (train y test) del ZIP; sin filtro de encuadre para ampliar datos.
922,train/dragon/f29be92f-c0ad-40b9-bb7e-5d20f93430fe.jpg,337b3a86967c8a0c06f491161fb1e31bfcfc405300e1ff35129d317217f9815a,aceptar_entrenamiento,v3: todos los dragones (train y test) del ZIP; sin filtro de encuadre para ampliar datos.
923,train/dragon/f37e8153-7c1e-436b-9a9d-2917c0fe1465.jpg,113444663a2033314eaebef6452f07123e980b334a30e954cfc8c85ff01123de,aceptar_entrenamiento,v3: todos los dragones (train y test) del ZIP; sin filtro de encuadre para ampliar datos.
924,train/dragon/f387506b-a470-462f-8a2c-88d8008e8e30.jpg,7d00ed67400c0815351ddd2ed5484bf50c181be50fa6a994e117a64df98c7332,aceptar_entrenamiento,v3: todos los dragones (train y test) del ZIP; sin filtro de encuadre para ampliar datos.
925,train/dragon/f4619a67-bc1b-467b-8b09-7c7c34d77652.jpg,70b9effc7197684cdc442690961c5607b7c47c810ee61b838decb5788bddba3e,aceptar_entrenamiento,v3: todos los dragones (train y test) del ZIP; sin filtro de encuadre para ampliar datos.
926,train/dragon/f4c413a8-adcf-455f-8277-fd2ccff1dc8d.jpg,d3abb58ec9f56e219e7d74ae816240291a93bd2291ea8200bac73543df1556fe,aceptar_entrenamiento,v3: todos los dragones (train y test) del ZIP; sin filtro de encuadre para ampliar datos.
927,train/dragon/f517dba7-894a-473a-9e1f-546233a87ab7.jpg,bbd3458c680050c7d5ecb48829455c60f75eb31b45d39e40c9ec907b1387dc53,aceptar_entrenamiento,v3: todos los dragones (train y test) del ZIP; sin filtro de encuadre para ampliar datos.
928,train/dragon/f5a08ee0-22ce-4b53-b053-907cf3a7e05d.jpg,97845faa58d5bf86bdcf0007d6bd8b6f408e672580ab1de6a544f90c352cea51,aceptar_entrenamiento,v3: todos los dragones (train y test) del ZIP; sin filtro de encuadre para ampliar datos.
929,train/dragon/f5a16e89-45fb-4a95-afb7-dbd3a8f5a611.jpg,056fbc70f50fd5e20e3f95924c41a5a2238a75d59f11ce0227871d7e3c62c8c5,aceptar_entrenamiento,v3: todos los dragones (train y test) del ZIP; sin filtro de encuadre para ampliar datos.
930,train/dragon/f60390db-a2f2-48e6-be69-3735cac34a9a.jpg,6130cca9b549ee2e2173731efd53573a1769e249e75380a2f08c6c00e32552fb,aceptar_entrenamiento,v3: todos los dragones (train y test) del ZIP; sin filtro de encuadre para ampliar datos.
931,train/dragon/f6204dd2-33c3-46e2-bc25-0201fb6717ee.jpg,8e0650adb6ded9e70cfb9d7f44adfd99ee7f9bb32816872c88e259f5aeb391a8,aceptar_entrenamiento,v3: todos los dragones (train y test) del ZIP; sin filtro de encuadre para ampliar datos.
932,train/dragon/f6ccfcb3-3c97-45ca-ad82-34d964abc9c8.jpg,c2cf02ef606a27189122e8c02c4ad93bff6e921a90a32adac33cd06ff1763a7b,aceptar_entrenamiento,v3: todos los dragones (train y test) del ZIP; sin filtro de encuadre para ampliar datos.
933,train/dragon/f6d54123-4ebf-4a06-9b0e-6f835e2beea6.jpg,30fa11a1abc6645e8fa532417ff6f240012e13f3f9f5e5d5324ed07b5f50f4cf,aceptar_entrenamiento,v3: todos los dragones (train y test) del ZIP; sin filtro de encuadre para ampliar datos.
934,train/dragon/f7327743-3b88-430e-b914-3ec0d91cbdf9.jpg,d6ebc5c08d0fb0f20fa7aaaaa03670c0092e17c9230f643ad83bf11cdf546c51,aceptar_entrenamiento,v3: todos los dragones (train y test) del ZIP; sin filtro de encuadre para ampliar datos.
935,train/dragon/f76f8ed7-86ea-4d28-bf63-6069c785789b.jpg,cbc16c13c271e7780ff6062bad97259326f7a6fa7cc0e885ccfb60a8c79091f5,aceptar_entrenamiento,v3: todos los dragones (train y test) del ZIP; sin filtro de encuadre para ampliar datos.
936,train/dragon/f7e83538-e980-4fa5-b667-4fe96c868f0e.jpg,77ee86046ab44c33d886a7cc2504ed1513fd093f1ecec9a98c5818236f938e26,aceptar_entrenamiento,v3: todos los dragones (train y test) del ZIP; sin filtro de encuadre para ampliar datos.
937,train/dragon/f7eba251-f191-4921-ad80-ef47e3a471af.jpg,ec8b2f28349e745d84467b1eb0efda608263b116f4bbcc52112bfe614caa5aaa,aceptar_entrenamiento,v3: todos los dragones (train y test) del ZIP; sin filtro de encuadre para ampliar datos.
938,train/dragon/f83df5e9-290f-4c70-bd08-159969d8891a.jpg,3a9115a4c60fc88305b1c8e9fd4d2a25add7ba330e6ffcae3ab97964b494f95c,aceptar_entrenamiento,v3: todos los dragones (train y test) del ZIP; sin filtro de encuadre para ampliar datos.
939,train/dragon/f8457c6c-d718-4a5d-87df-fc0c20594dec.jpg,5b0927bcc142699c442cdffa42b1d1bfc7b2fc037cf2807b2c0f6185f019acde,aceptar_entrenamiento,v3: todos los dragones (train y test) del ZIP; sin filtro de encuadre para ampliar datos.
940,train/dragon/f8db8a0f-2c73-494b-8eeb-1d0ed88895ba.jpg,c514d8e3b48c6d808131470b880a2779171aca4e4dcf162a49a6a8116dd8d9a1,aceptar_entrenamiento,v3: todos los dragones (train y test) del ZIP; sin filtro de encuadre para ampliar datos.
941,train/dragon/f90ddc9e-8e6e-46b2-b7f0-f63a43efb5c7.jpg,9d06d68a20a485e9ed2ba69ce999dc2dada7ae9f9a3ed9c2a000f5c3b78419fe,aceptar_entrenamiento,v3: todos los dragones (train y test) del ZIP; sin filtro de encuadre para ampliar datos.
942,train/dragon/f920e770-b6ab-4762-9775-0fd7f5145431.jpg,b439a17e4ff586da773309ec5ce2c877fb0837c1b62731c0fb3d2445abf9dc74,aceptar_entrenamiento,v3: todos los dragones (train y test) del ZIP; sin filtro de encuadre para ampliar datos.
943,train/dragon/f96f87f6-ff70-4727-a42e-f2b17db7fe4b.jpg,cfe04ac820e5a0886dd3666202210ced073815f5ec9c37336ae97d9778cb3f1a,aceptar_entrenamiento,v3: todos los dragones (train y test) del ZIP; sin filtro de encuadre para ampliar datos.
944,train/dragon/f9864c05-9f90-4191-b6e9-47a44e8f2418.jpg,40242ccf6b9019bf68b6ccbbe8dccc5059b3647ee19fd7d433084982e4bb9b2e,aceptar_entrenamiento,v3: todos los dragones (train y test) del ZIP; sin filtro de encuadre para ampliar datos.
945,train/dragon/fa1c5240-651e-4891-9d94-900945845a10.jpg,6048df0f2002e8d29b71c11b3ac527359722d3e12a1641687b530f330891a5ac,aceptar_entrenamiento,v3: todos los dragones (train y test) del ZIP; sin filtro de encuadre para ampliar datos.
946,train/dragon/fa5dabb7-12d2-4a4e-8e15-bbf95f9c4f85.jpg,53f376307ff97f117b732f8395c27f4f71f50a92877984fb59bf6b3df734ca4e,aceptar_entrenamiento,v3: todos los dragones (train y test) del ZIP; sin filtro de encuadre para ampliar datos.
947,train/dragon/fb127618-10a2-483b-9873-7f02d1ca3174.jpg,e28e29f86db54db3a20d91c82601c35bc94f897315399f9a80a96c3930e33706,aceptar_entrenamiento,v3: todos los dragones (train y test) del ZIP; sin filtro de encuadre para ampliar datos.
948,train/dragon/fbf675e8-a14b-4404-936b-8f9590231198.jpg,8b37bdf2dd6b46525119ae1ac21e1fc4fb49b7eba930a3ef692b88f24a8d6bcc,aceptar_entrenamiento,v3: todos los dragones (train y test) del ZIP; sin filtro de encuadre para ampliar datos.
949,train/dragon/fc21e7ed-8c49-4895-b18a-992e752ac811.jpg,b760ad4a279f239bafa4291fb1738e3a5a6b97718a65be8d250926b935afdbe0,aceptar_entrenamiento,v3: todos los dragones (train y test) del ZIP; sin filtro de encuadre para ampliar datos.
950,train/dragon/fc420615-a5d6-4b73-8cc6-a361caab3423.jpg,c798812c58c3db2d6aa7f034533776483bc63796d5ef5ab0daf96c5d9009a4b0,aceptar_entrenamiento,v3: todos los dragones (train y test) del ZIP; sin filtro de encuadre para ampliar datos.
951,train/dragon/fc5cf4d7-5254-4f15-976c-b1a7acacdba9.jpg,076682e4768788fd5ea2cda447c64abe37b50910b1222b73715715341948848a,aceptar_entrenamiento,v3: todos los dragones (train y test) del ZIP; sin filtro de encuadre para ampliar datos.
952,train/dragon/fc6149af-a64c-4947-8697-d73aec501f68.jpg,70c2d33ef34885de23159178cf4728986d8428e4866083e8fdf0f07c69244a25,aceptar_entrenamiento,v3: todos los dragones (train y test) del ZIP; sin filtro de encuadre para ampliar datos.
953,train/dragon/fd0c6a5e-368e-4d00-82b6-7fb356c9fbc7.jpg,11a089793b26e17c7024375a89de0cc7e44b4c9038573cb932c44b1ab4a0eef5,aceptar_entrenamiento,v3: todos los dragones (train y test) del ZIP; sin filtro de encuadre para ampliar datos.
954,train/dragon/fd3e551c-101f-43c3-972c-5998bed292a2.jpg,93ed829e22be3e047a2c9675c53e98df1a1e8f65ed650d346626d7ab380513b8,aceptar_entrenamiento,v3: todos los dragones (train y test) del ZIP; sin filtro de encuadre para ampliar datos.
955,train/dragon/fd78315e-32b0-452b-9732-28047dc408af.jpg,e4046e7af6ade555c63740b4097e3513167ef2677b4cd4b2ffcbdfa38f8a0e36,aceptar_entrenamiento,v3: todos los dragones (train y test) del ZIP; sin filtro de encuadre para ampliar datos.
956,train/dragon/fd9b61eb-39f2-45bc-90a6-71dbd8f24c91.jpg,b095dcbedb412b3a9899ae1eca8190e2a732b9a1cd8895ec0da3bbfbacf6a61e,aceptar_entrenamiento,v3: todos los dragones (train y test) del ZIP; sin filtro de encuadre para ampliar datos.
957,train/dragon/fe2664b8-9f97-43bc-9224-c3d6aa4e96bd.jpg,de2ccb2ee0d5547fada481244dc050429961d5e622faf4f4235940de30be92f5,aceptar_entrenamiento,v3: todos los dragones (train y test) del ZIP; sin filtro de encuadre para ampliar datos.
958,train/dragon/fe8f7468-311a-4bf0-9dd7-4444f84b7acd.jpg,473b15c22c347f07211fc8619ffdd5fa5a2a99d58da3c304c26ac1ada55b8ed2,aceptar_entrenamiento,v3: todos los dragones (train y test) del ZIP; sin filtro de encuadre para ampliar datos.
959,train/dragon/ff114ec6-37d4-4013-b4c4-d94d5b836b53.jpg,e4459e112dfda9dfc1b4b976559f40ba825d69efb9011c9199b9498225842c26,aceptar_entrenamiento,v3: todos los dragones (train y test) del ZIP; sin filtro de encuadre para ampliar datos.
960,train/dragon/ff177fe4-67cc-4845-9504-20de94c2f265.jpg,eca0b2e0e69ec08808b59a7bbc66201e25a439c0f8552c1f19418fde70122c0f,aceptar_entrenamiento,v3: todos los dragones (train y test) del ZIP; sin filtro de encuadre para ampliar datos.
961,train/dragon/ff38c4ca-1288-41f5-badd-979841f51ef6.jpg,d22b7ba136e9ecd9721a0cfc3e828e744495fc7b87b399b45988fcecd29b2071,aceptar_entrenamiento,v3: todos los dragones (train y test) del ZIP; sin filtro de encuadre para ampliar datos.
962,train/dragon/ff3a7766-5e15-4e06-ae24-1bc58970c72f.jpg,1a32f8996aef1b038f70cd01ec526b49d997ee37c0d940aaaf4f50803c470eab,aceptar_entrenamiento,v3: todos los dragones (train y test) del ZIP; sin filtro de encuadre para ampliar datos.
963,train/dragon/ff3d4417-8fb0-4194-895f-d29dd574c48a.jpg,aec018fc6d6e42c677652840bd6fed278a45e1f227c60d24fd87a3e688004716,aceptar_entrenamiento,v3: todos los dragones (train y test) del ZIP; sin filtro de encuadre para ampliar datos.
964,train/dragon/ffb142c4-9a63-4e32-82b6-6a4982a58fde.jpg,4ce6f6be85a7aa79741a76224e80d4e44158b20d50b79d855a4d206340dfd7e1,aceptar_entrenamiento,v3: todos los dragones (train y test) del ZIP; sin filtro de encuadre para ampliar datos.
